transaction_id,user_id,amount,transaction_date,transaction_type
1,1840,147.84,2025-07-31,featured_listing
2,996,500.0,2024-10-07,subscription
3,888,478.25,2025-11-29,featured_listing
4,4014,500.0,2024-02-24,subscription
5,2374,298.57,2025-03-14,featured_listing
6,3846,2000.0,2025-08-14,subscription
7,4182,1000.0,2024-04-13,subscription
8,967,285.18,2024-06-21,featured_listing
9,31,5000.0,2025-04-04,subscription
10,1983,5000.0,2025-02-24,subscription
11,461,266.5,2025-03-03,featured_listing
12,1864,269.18,2025-01-26,featured_listing
13,4743,500.0,2025-03-13,subscription
14,425,280.59,2025-01-24,featured_listing
15,917,5000.0,2025-08-08,subscription
16,3558,2000.0,2025-06-01,subscription
17,544,253.89,2024-03-07,featured_listing
18,417,2000.0,2025-02-14,subscription
19,4501,427.83,2024-11-11,featured_listing
20,4290,2000.0,2025-02-01,subscription
21,2557,1000.0,2025-09-04,subscription
22,2351,2000.0,2024-11-14,subscription
23,4155,2000.0,2025-09-14,subscription
24,2901,5000.0,2025-04-30,subscription
25,4580,399.05,2024-08-13,featured_listing
26,2591,5000.0,2025-07-22,subscription
27,2703,297.39,2025-01-05,featured_listing
28,3405,5000.0,2025-12-20,subscription
29,1945,237.23,2024-08-30,featured_listing
30,1409,2000.0,2025-03-09,subscription
31,753,431.91,2024-05-06,featured_listing
32,1744,135.45,2025-06-25,featured_listing
33,1240,500.0,2025-08-05,subscription
34,4529,2000.0,2025-09-01,subscription
35,196,256.35,2025-03-02,featured_listing
36,2444,2000.0,2025-08-06,subscription
37,3414,335.94,2025-12-22,featured_listing
38,3972,2000.0,2024-01-20,subscription
39,3009,250.63,2024-03-17,featured_listing
40,4544,1000.0,2024-01-22,subscription
41,2480,2000.0,2024-09-20,subscription
42,1498,1000.0,2025-01-09,subscription
43,4346,355.46,2025-02-07,featured_listing
44,95,232.76,2024-04-14,featured_listing
45,2861,1000.0,2025-11-12,subscription
46,3231,1000.0,2025-10-18,subscription
47,2683,5000.0,2025-08-27,subscription
48,962,500.0,2025-05-19,subscription
49,534,104.17,2024-11-07,featured_listing
50,4495,5000.0,2024-05-11,subscription
51,2120,500.0,2025-05-23,subscription
52,2843,224.64,2024-06-26,featured_listing
53,957,127.44,2025-06-02,featured_listing
54,3077,288.88,2025-02-20,featured_listing
55,3726,196.44,2024-08-29,featured_listing
56,1508,109.81,2024-10-23,featured_listing
57,780,1000.0,2025-11-14,subscription
58,3562,2000.0,2024-12-25,subscription
59,1274,367.09,2025-12-06,featured_listing
60,3847,492.35,2025-04-14,featured_listing
61,4421,1000.0,2024-06-03,subscription
62,1893,243.49,2024-05-08,featured_listing
63,1966,2000.0,2024-02-11,subscription
64,3062,1000.0,2025-07-11,subscription
65,4576,2000.0,2025-09-23,subscription
66,3206,2000.0,2025-03-26,subscription
67,4778,257.24,2024-01-06,featured_listing
68,4279,226.72,2024-02-18,featured_listing
69,2649,1000.0,2024-04-25,subscription
70,4985,500.0,2024-06-12,subscription
71,2547,2000.0,2025-09-19,subscription
72,954,102.71,2025-05-13,featured_listing
73,1513,1000.0,2025-12-23,subscription
74,2625,203.91,2025-01-26,featured_listing
75,3067,1000.0,2024-06-10,subscription
76,1640,2000.0,2024-05-16,subscription
77,3907,5000.0,2025-06-27,subscription
78,4481,244.06,2024-08-16,featured_listing
79,4160,449.71,2025-05-02,featured_listing
80,4836,208.12,2024-07-02,featured_listing
81,4287,208.05,2025-03-13,featured_listing
82,3705,1000.0,2024-11-22,subscription
83,3841,281.13,2025-09-11,featured_listing
84,4188,1000.0,2025-07-24,subscription
85,4076,398.04,2025-02-18,featured_listing
86,603,500.0,2024-05-04,subscription
87,2335,469.21,2024-09-12,featured_listing
88,431,500.0,2024-06-13,subscription
89,3887,500.0,2024-08-09,subscription
90,4170,310.0,2024-11-22,featured_listing
91,3687,159.54,2025-09-13,featured_listing
92,2978,500.0,2025-02-26,subscription
93,3200,1000.0,2024-02-13,subscription
94,284,487.13,2025-01-13,featured_listing
95,909,120.16,2025-12-04,featured_listing
96,1384,432.69,2024-01-12,featured_listing
97,4951,2000.0,2025-08-22,subscription
98,1095,500.0,2025-08-06,subscription
99,1124,2000.0,2025-04-16,subscription
100,4724,414.64,2024-08-01,featured_listing
101,2016,500.0,2024-01-30,subscription
102,3875,368.11,2024-02-24,featured_listing
103,2068,5000.0,2025-08-14,subscription
104,4859,140.51,2025-02-24,featured_listing
105,3828,5000.0,2024-02-12,subscription
106,425,231.87,2025-02-25,featured_listing
107,1876,286.99,2024-11-21,featured_listing
108,1012,1000.0,2025-09-06,subscription
109,3107,5000.0,2024-12-30,subscription
110,2779,456.99,2024-07-22,featured_listing
111,1775,5000.0,2025-06-21,subscription
112,1507,500.0,2024-04-02,subscription
113,2825,2000.0,2025-01-19,subscription
114,1476,500.0,2025-09-19,subscription
115,4774,5000.0,2024-08-01,subscription
116,1019,2000.0,2025-01-31,subscription
117,4400,457.06,2024-04-20,featured_listing
118,93,5000.0,2024-09-19,subscription
119,3398,302.93,2024-08-04,featured_listing
120,2028,110.81,2025-10-20,featured_listing
121,2023,2000.0,2024-10-14,subscription
122,3444,5000.0,2024-09-23,subscription
123,4762,2000.0,2024-05-17,subscription
124,487,467.4,2024-12-26,featured_listing
125,3581,5000.0,2024-03-07,subscription
126,2210,1000.0,2024-11-26,subscription
127,2565,487.19,2025-10-06,featured_listing
128,1891,5000.0,2025-05-14,subscription
129,4652,5000.0,2024-01-09,subscription
130,4478,1000.0,2025-03-08,subscription
131,1451,366.14,2024-02-17,featured_listing
132,3632,5000.0,2024-10-08,subscription
133,2975,5000.0,2025-06-07,subscription
134,3063,346.51,2025-05-19,featured_listing
135,4633,5000.0,2025-12-31,subscription
136,2165,1000.0,2024-10-27,subscription
137,1899,500.0,2024-03-15,subscription
138,1253,1000.0,2024-12-13,subscription
139,2356,195.3,2025-11-15,featured_listing
140,3856,5000.0,2024-08-19,subscription
141,2791,5000.0,2025-04-11,subscription
142,4200,2000.0,2025-10-30,subscription
143,1869,125.93,2024-09-05,featured_listing
144,4988,2000.0,2025-04-28,subscription
145,3112,1000.0,2024-06-23,subscription
146,1927,5000.0,2025-07-04,subscription
147,3251,135.27,2025-12-02,featured_listing
148,1784,212.43,2024-12-19,featured_listing
149,853,283.42,2025-12-21,featured_listing
150,1219,1000.0,2024-07-04,subscription
151,2663,500.0,2025-04-12,subscription
152,2862,171.84,2024-10-17,featured_listing
153,3547,354.78,2024-02-01,featured_listing
154,1859,143.11,2024-07-22,featured_listing
155,4296,2000.0,2024-12-06,subscription
156,2875,500.0,2025-08-01,subscription
157,3208,1000.0,2025-06-10,subscription
158,5000,444.94,2024-04-07,featured_listing
159,436,5000.0,2025-10-29,subscription
160,4487,2000.0,2024-01-22,subscription
161,4725,185.84,2025-04-11,featured_listing
162,54,5000.0,2024-06-24,subscription
163,3713,1000.0,2025-01-01,subscription
164,4186,5000.0,2025-05-02,subscription
165,2879,1000.0,2024-04-21,subscription
166,2458,5000.0,2024-01-06,subscription
167,2782,336.44,2025-04-19,featured_listing
168,4563,1000.0,2024-09-17,subscription
169,1527,1000.0,2024-07-22,subscription
170,2123,5000.0,2025-06-29,subscription
171,1822,323.67,2024-01-02,featured_listing
172,2615,449.88,2025-03-02,featured_listing
173,2640,223.31,2024-11-28,featured_listing
174,529,5000.0,2025-12-15,subscription
175,4002,500.0,2025-06-22,subscription
176,2365,2000.0,2024-08-20,subscription
177,2000,500.0,2025-10-16,subscription
178,2333,2000.0,2025-06-18,subscription
179,4332,1000.0,2024-11-01,subscription
180,3436,450.93,2024-10-28,featured_listing
181,3377,492.71,2024-01-10,featured_listing
182,2166,500.0,2025-04-13,subscription
183,1655,2000.0,2024-07-25,subscription
184,3792,2000.0,2025-03-29,subscription
185,1688,500.0,2024-12-17,subscription
186,4160,1000.0,2025-12-30,subscription
187,1011,500.0,2025-03-11,subscription
188,3430,339.11,2025-10-20,featured_listing
189,4751,500.0,2025-01-25,subscription
190,3833,223.1,2024-12-11,featured_listing
191,766,1000.0,2024-01-26,subscription
192,2017,1000.0,2025-08-30,subscription
193,808,500.0,2025-07-31,subscription
194,1153,1000.0,2024-02-16,subscription
195,2466,470.91,2024-04-12,featured_listing
196,4062,5000.0,2024-04-03,subscription
197,4317,292.01,2024-11-20,featured_listing
198,4651,5000.0,2024-10-25,subscription
199,702,2000.0,2025-01-12,subscription
200,585,500.0,2025-01-16,subscription
201,1710,384.19,2025-07-16,featured_listing
202,4762,5000.0,2025-04-22,subscription
203,4442,463.41,2024-06-08,featured_listing
204,4578,2000.0,2025-10-05,subscription
205,821,5000.0,2025-10-07,subscription
206,3861,413.04,2024-12-11,featured_listing
207,1767,1000.0,2024-04-12,subscription
208,4679,2000.0,2025-06-14,subscription
209,4029,1000.0,2025-05-20,subscription
210,421,2000.0,2024-04-23,subscription
211,1339,2000.0,2024-12-19,subscription
212,4427,138.48,2024-11-28,featured_listing
213,2125,311.56,2024-03-21,featured_listing
214,730,1000.0,2024-09-13,subscription
215,1998,5000.0,2025-05-31,subscription
216,1630,363.99,2024-03-09,featured_listing
217,2368,1000.0,2024-09-26,subscription
218,2651,376.78,2024-02-21,featured_listing
219,1101,342.89,2025-09-29,featured_listing
220,3995,144.69,2025-12-10,featured_listing
221,2284,5000.0,2025-10-01,subscription
222,1528,322.35,2024-02-20,featured_listing
223,2724,456.31,2025-01-02,featured_listing
224,862,199.99,2024-02-02,featured_listing
225,56,451.64,2025-01-04,featured_listing
226,579,500.0,2025-03-13,subscription
227,2190,5000.0,2024-12-15,subscription
228,3279,500.0,2024-11-05,subscription
229,4328,108.11,2025-06-06,featured_listing
230,304,500.0,2024-12-11,subscription
231,884,1000.0,2024-09-16,subscription
232,573,330.59,2025-06-04,featured_listing
233,919,5000.0,2024-12-02,subscription
234,1202,201.51,2024-04-12,featured_listing
235,2354,2000.0,2024-11-20,subscription
236,172,5000.0,2024-02-06,subscription
237,3438,490.79,2024-11-05,featured_listing
238,648,500.0,2025-01-04,subscription
239,4959,477.21,2025-01-21,featured_listing
240,2705,500.0,2025-11-17,subscription
241,607,201.08,2024-10-14,featured_listing
242,631,1000.0,2025-10-06,subscription
243,4925,500.0,2024-11-12,subscription
244,2124,1000.0,2025-06-04,subscription
245,4238,411.58,2025-04-01,featured_listing
246,1703,5000.0,2024-03-05,subscription
247,1985,5000.0,2024-06-25,subscription
248,1370,271.67,2024-07-14,featured_listing
249,2213,141.66,2024-07-22,featured_listing
250,4868,193.38,2025-03-18,featured_listing
251,775,1000.0,2025-11-07,subscription
252,3636,463.21,2024-09-21,featured_listing
253,3623,471.92,2025-07-28,featured_listing
254,45,1000.0,2024-05-04,subscription
255,2065,193.5,2024-09-09,featured_listing
256,2350,500.0,2025-10-06,subscription
257,102,166.06,2024-01-10,featured_listing
258,2909,364.68,2025-11-10,featured_listing
259,76,2000.0,2025-05-08,subscription
260,3128,281.34,2024-05-29,featured_listing
261,2997,296.79,2024-10-06,featured_listing
262,3967,466.03,2025-02-22,featured_listing
263,2568,162.82,2025-09-27,featured_listing
264,926,181.27,2024-08-30,featured_listing
265,3142,2000.0,2025-06-28,subscription
266,3567,500.0,2024-09-22,subscription
267,2134,500.0,2025-02-06,subscription
268,256,2000.0,2024-12-16,subscription
269,10,1000.0,2024-11-15,subscription
270,2081,195.21,2025-10-19,featured_listing
271,4787,1000.0,2024-09-14,subscription
272,2535,2000.0,2024-09-04,subscription
273,2463,5000.0,2025-12-10,subscription
274,1642,500.0,2024-09-22,subscription
275,3104,2000.0,2025-03-10,subscription
276,4501,2000.0,2024-03-22,subscription
277,2219,5000.0,2025-04-20,subscription
278,3331,220.56,2025-08-20,featured_listing
279,3343,126.64,2024-09-23,featured_listing
280,3794,1000.0,2025-09-08,subscription
281,1900,105.06,2025-04-19,featured_listing
282,1124,1000.0,2025-10-26,subscription
283,2276,1000.0,2024-05-12,subscription
284,4394,2000.0,2025-08-05,subscription
285,2718,500.0,2025-03-28,subscription
286,3894,1000.0,2024-10-18,subscription
287,4220,500.0,2024-08-24,subscription
288,1608,487.2,2025-08-26,featured_listing
289,2244,500.0,2025-03-07,subscription
290,84,2000.0,2025-02-27,subscription
291,3551,5000.0,2024-06-10,subscription
292,3884,1000.0,2025-03-12,subscription
293,3541,461.57,2024-11-15,featured_listing
294,4991,2000.0,2025-05-25,subscription
295,1101,161.15,2024-08-14,featured_listing
296,943,332.94,2024-12-20,featured_listing
297,4288,167.94,2025-01-01,featured_listing
298,4097,5000.0,2025-07-10,subscription
299,4780,484.04,2024-01-09,featured_listing
300,4758,2000.0,2025-06-17,subscription
301,4097,227.9,2024-03-10,featured_listing
302,3543,175.09,2024-10-01,featured_listing
303,2957,1000.0,2025-04-30,subscription
304,1636,226.34,2024-04-28,featured_listing
305,3299,5000.0,2024-02-17,subscription
306,4863,500.0,2025-02-22,subscription
307,2565,500.0,2025-12-19,subscription
308,195,2000.0,2024-10-20,subscription
309,2513,2000.0,2025-09-20,subscription
310,521,2000.0,2024-09-04,subscription
311,4017,2000.0,2025-10-03,subscription
312,4187,381.6,2024-06-24,featured_listing
313,1202,423.28,2024-07-19,featured_listing
314,1825,5000.0,2024-06-29,subscription
315,423,5000.0,2024-12-17,subscription
316,556,1000.0,2024-04-05,subscription
317,1229,428.75,2024-09-27,featured_listing
318,3057,339.28,2024-11-28,featured_listing
319,854,388.07,2024-04-03,featured_listing
320,2956,1000.0,2024-03-24,subscription
321,1457,173.7,2025-11-21,featured_listing
322,1106,500.0,2025-07-03,subscription
323,739,2000.0,2024-12-21,subscription
324,2345,1000.0,2025-08-05,subscription
325,1369,500.0,2025-08-02,subscription
326,1115,1000.0,2025-10-16,subscription
327,2547,500.0,2024-04-06,subscription
328,3426,2000.0,2025-06-21,subscription
329,2719,5000.0,2024-12-27,subscription
330,1177,2000.0,2024-03-22,subscription
331,3929,1000.0,2025-12-04,subscription
332,1721,336.73,2024-11-22,featured_listing
333,2384,5000.0,2025-01-09,subscription
334,3621,5000.0,2024-07-06,subscription
335,3857,500.0,2025-03-11,subscription
336,1261,5000.0,2025-06-09,subscription
337,326,1000.0,2024-01-09,subscription
338,1281,500.0,2024-09-22,subscription
339,1587,274.79,2025-02-21,featured_listing
340,2368,394.82,2025-07-16,featured_listing
341,2197,500.0,2024-03-04,subscription
342,4409,2000.0,2024-10-08,subscription
343,3660,433.19,2024-04-09,featured_listing
344,3041,249.52,2025-10-11,featured_listing
345,499,5000.0,2024-05-06,subscription
346,2136,343.27,2025-10-29,featured_listing
347,1138,2000.0,2025-06-18,subscription
348,959,5000.0,2024-11-08,subscription
349,3345,198.44,2025-10-11,featured_listing
350,3347,500.0,2025-11-27,subscription
351,4495,500.0,2024-03-23,subscription
352,1827,177.89,2024-04-05,featured_listing
353,2939,2000.0,2025-04-12,subscription
354,2704,2000.0,2025-10-25,subscription
355,1605,1000.0,2024-09-23,subscription
356,91,493.07,2024-01-20,featured_listing
357,2659,106.33,2025-06-04,featured_listing
358,3422,484.26,2025-12-04,featured_listing
359,1147,1000.0,2025-04-29,subscription
360,1165,327.14,2024-12-12,featured_listing
361,2022,265.83,2024-02-15,featured_listing
362,388,500.0,2025-07-25,subscription
363,350,500.0,2024-04-27,subscription
364,817,134.16,2024-01-25,featured_listing
365,1906,101.73,2025-09-11,featured_listing
366,1113,1000.0,2025-02-06,subscription
367,2047,2000.0,2024-11-17,subscription
368,1834,5000.0,2025-07-28,subscription
369,2126,5000.0,2024-10-29,subscription
370,2745,1000.0,2024-11-03,subscription
371,3197,2000.0,2025-03-12,subscription
372,818,132.32,2025-06-21,featured_listing
373,3240,1000.0,2024-02-04,subscription
374,2056,5000.0,2025-09-28,subscription
375,1529,1000.0,2024-10-16,subscription
376,3996,2000.0,2025-03-03,subscription
377,1785,500.0,2024-10-16,subscription
378,4893,251.96,2025-11-28,featured_listing
379,445,332.95,2025-12-28,featured_listing
380,4756,101.63,2025-09-30,featured_listing
381,784,500.0,2025-03-08,subscription
382,3767,500.0,2025-06-25,subscription
383,4349,264.9,2025-07-30,featured_listing
384,3035,2000.0,2025-12-29,subscription
385,4711,313.1,2024-02-14,featured_listing
386,517,357.35,2025-12-04,featured_listing
387,1648,161.95,2025-09-15,featured_listing
388,1398,2000.0,2024-04-29,subscription
389,1947,2000.0,2024-01-07,subscription
390,4945,500.0,2025-02-23,subscription
391,2616,168.16,2024-03-16,featured_listing
392,4362,121.13,2025-09-20,featured_listing
393,3415,5000.0,2024-09-26,subscription
394,1001,225.48,2025-06-10,featured_listing
395,3742,332.77,2025-11-22,featured_listing
396,1516,5000.0,2024-09-24,subscription
397,2179,168.17,2025-09-14,featured_listing
398,4287,273.39,2025-04-13,featured_listing
399,4327,325.02,2024-10-21,featured_listing
400,3373,500.0,2024-04-20,subscription
401,1514,250.88,2024-10-13,featured_listing
402,1579,113.57,2024-07-29,featured_listing
403,2551,2000.0,2025-08-14,subscription
404,1383,347.24,2025-09-25,featured_listing
405,2515,1000.0,2024-10-12,subscription
406,4425,1000.0,2025-05-24,subscription
407,1267,500.0,2024-02-24,subscription
408,1297,500.0,2024-05-26,subscription
409,3968,172.79,2025-01-23,featured_listing
410,3596,5000.0,2025-01-26,subscription
411,1518,5000.0,2025-08-16,subscription
412,182,5000.0,2025-11-20,subscription
413,159,1000.0,2025-06-09,subscription
414,4802,500.0,2024-04-26,subscription
415,3363,500.0,2025-05-04,subscription
416,960,210.02,2024-07-01,featured_listing
417,489,500.0,2024-05-19,subscription
418,1712,500.0,2025-08-22,subscription
419,3933,5000.0,2025-07-31,subscription
420,936,5000.0,2025-07-02,subscription
421,3911,1000.0,2024-05-28,subscription
422,4258,500.0,2025-05-23,subscription
423,2145,500.0,2025-07-09,subscription
424,2226,160.58,2024-02-22,featured_listing
425,4454,269.51,2024-07-04,featured_listing
426,3312,297.45,2025-10-27,featured_listing
427,4352,2000.0,2025-01-28,subscription
428,4863,199.71,2024-07-01,featured_listing
429,623,151.78,2024-11-03,featured_listing
430,4952,2000.0,2025-11-02,subscription
431,1999,200.56,2025-05-22,featured_listing
432,1624,5000.0,2025-12-16,subscription
433,105,359.09,2024-06-04,featured_listing
434,330,427.44,2025-04-14,featured_listing
435,1201,5000.0,2024-10-26,subscription
436,1137,463.63,2024-03-29,featured_listing
437,1819,1000.0,2024-05-22,subscription
438,2251,2000.0,2024-09-25,subscription
439,135,299.19,2024-09-06,featured_listing
440,4704,1000.0,2024-10-20,subscription
441,2171,262.83,2025-10-19,featured_listing
442,1987,158.2,2025-06-08,featured_listing
443,1089,2000.0,2024-02-06,subscription
444,2526,110.28,2025-05-08,featured_listing
445,4665,1000.0,2025-12-18,subscription
446,1727,5000.0,2024-02-26,subscription
447,3466,444.58,2025-05-25,featured_listing
448,4803,418.28,2025-09-29,featured_listing
449,4610,5000.0,2024-06-26,subscription
450,2678,500.0,2025-11-27,subscription
451,3183,1000.0,2024-07-04,subscription
452,4194,2000.0,2024-03-25,subscription
453,517,5000.0,2025-04-29,subscription
454,3306,441.92,2024-03-31,featured_listing
455,4234,229.18,2024-06-17,featured_listing
456,2005,103.36,2024-01-03,featured_listing
457,3699,500.0,2025-03-15,subscription
458,2427,180.05,2024-08-26,featured_listing
459,2589,5000.0,2024-09-02,subscription
460,1906,143.72,2024-09-20,featured_listing
461,4394,1000.0,2025-08-27,subscription
462,3833,1000.0,2025-12-05,subscription
463,1787,2000.0,2025-08-21,subscription
464,365,2000.0,2024-06-18,subscription
465,1999,427.26,2025-06-21,featured_listing
466,1390,371.75,2024-06-20,featured_listing
467,2030,178.85,2025-03-12,featured_listing
468,2683,257.29,2025-01-24,featured_listing
469,4311,445.57,2025-08-11,featured_listing
470,1993,500.0,2024-10-11,subscription
471,1316,2000.0,2025-01-30,subscription
472,4088,365.57,2024-01-24,featured_listing
473,1443,500.0,2025-05-10,subscription
474,3225,2000.0,2025-06-15,subscription
475,4522,5000.0,2025-11-27,subscription
476,3956,375.87,2024-09-12,featured_listing
477,3088,1000.0,2024-08-21,subscription
478,3263,300.11,2025-09-23,featured_listing
479,2589,5000.0,2024-09-09,subscription
480,433,141.26,2024-03-12,featured_listing
481,1670,5000.0,2024-01-10,subscription
482,1855,448.09,2024-12-20,featured_listing
483,4070,2000.0,2024-08-14,subscription
484,2760,5000.0,2025-06-05,subscription
485,2760,2000.0,2024-06-25,subscription
486,732,170.37,2025-04-09,featured_listing
487,1808,315.24,2024-04-26,featured_listing
488,623,226.02,2024-11-26,featured_listing
489,4980,1000.0,2025-12-23,subscription
490,4547,2000.0,2025-12-31,subscription
491,4217,500.0,2024-03-02,subscription
492,695,489.92,2024-09-02,featured_listing
493,995,2000.0,2025-03-28,subscription
494,285,390.89,2024-02-04,featured_listing
495,1399,140.7,2024-03-03,featured_listing
496,2499,301.61,2025-08-29,featured_listing
497,287,311.11,2025-07-12,featured_listing
498,282,258.77,2024-03-26,featured_listing
499,1856,242.61,2024-07-08,featured_listing
500,4743,1000.0,2025-02-25,subscription
501,3268,2000.0,2024-02-20,subscription
502,2927,2000.0,2024-03-19,subscription
503,4520,5000.0,2024-10-23,subscription
504,3422,2000.0,2025-02-25,subscription
505,4379,242.82,2025-09-01,featured_listing
506,4087,500.0,2025-05-15,subscription
507,3036,500.0,2025-06-17,subscription
508,3142,1000.0,2025-04-06,subscription
509,3506,5000.0,2025-05-01,subscription
510,3898,5000.0,2025-10-20,subscription
511,3548,333.64,2024-05-04,featured_listing
512,391,5000.0,2025-11-17,subscription
513,3292,5000.0,2025-03-07,subscription
514,2797,2000.0,2025-05-08,subscription
515,3628,218.87,2025-08-06,featured_listing
516,1903,1000.0,2024-08-16,subscription
517,3138,277.83,2025-09-01,featured_listing
518,755,1000.0,2025-04-09,subscription
519,2935,1000.0,2024-04-02,subscription
520,1108,428.43,2024-08-30,featured_listing
521,4578,500.0,2025-02-08,subscription
522,4394,1000.0,2025-05-01,subscription
523,3826,1000.0,2025-04-22,subscription
524,3720,291.29,2025-06-23,featured_listing
525,810,2000.0,2025-10-13,subscription
526,4261,157.07,2025-06-07,featured_listing
527,191,1000.0,2024-02-19,subscription
528,4296,2000.0,2025-12-25,subscription
529,3900,489.76,2025-07-01,featured_listing
530,4538,500.0,2025-10-11,subscription
531,3638,2000.0,2024-01-26,subscription
532,2017,209.44,2024-11-14,featured_listing
533,846,1000.0,2024-10-23,subscription
534,3343,5000.0,2025-04-09,subscription
535,1484,317.28,2025-08-07,featured_listing
536,402,5000.0,2024-02-15,subscription
537,3738,388.01,2025-08-15,featured_listing
538,51,2000.0,2024-04-08,subscription
539,3774,2000.0,2025-06-28,subscription
540,3036,189.48,2024-09-23,featured_listing
541,2586,5000.0,2024-04-14,subscription
542,1,5000.0,2024-12-02,subscription
543,356,5000.0,2025-08-14,subscription
544,4165,367.25,2025-06-16,featured_listing
545,1087,1000.0,2025-04-04,subscription
546,4554,1000.0,2025-04-24,subscription
547,2963,2000.0,2024-04-01,subscription
548,3555,5000.0,2025-11-07,subscription
549,2848,500.0,2025-02-19,subscription
550,2562,500.0,2024-12-26,subscription
551,4069,420.61,2024-07-17,featured_listing
552,789,5000.0,2024-09-21,subscription
553,3998,2000.0,2024-04-06,subscription
554,4305,5000.0,2024-11-21,subscription
555,975,472.99,2024-01-02,featured_listing
556,845,272.9,2025-03-04,featured_listing
557,143,2000.0,2025-11-25,subscription
558,2328,245.49,2024-09-03,featured_listing
559,4389,2000.0,2025-06-26,subscription
560,869,5000.0,2025-08-24,subscription
561,3860,5000.0,2024-07-15,subscription
562,3537,2000.0,2024-09-24,subscription
563,3001,500.0,2024-10-11,subscription
564,3753,212.31,2025-09-16,featured_listing
565,2947,2000.0,2024-11-01,subscription
566,1261,495.57,2024-07-14,featured_listing
567,4403,1000.0,2024-03-15,subscription
568,485,218.37,2025-09-22,featured_listing
569,4307,500.0,2024-07-26,subscription
570,4426,449.73,2024-07-26,featured_listing
571,2882,281.58,2024-07-30,featured_listing
572,2436,1000.0,2024-04-25,subscription
573,3423,1000.0,2024-11-15,subscription
574,3471,393.38,2025-05-17,featured_listing
575,2184,5000.0,2024-02-12,subscription
576,604,327.92,2024-10-27,featured_listing
577,2111,500.0,2025-12-04,subscription
578,3138,2000.0,2024-05-14,subscription
579,4392,1000.0,2025-09-15,subscription
580,254,400.19,2025-06-13,featured_listing
581,1174,1000.0,2025-05-08,subscription
582,3519,2000.0,2025-10-12,subscription
583,1224,2000.0,2024-09-19,subscription
584,1552,214.84,2024-01-17,featured_listing
585,4291,500.0,2025-07-21,subscription
586,1426,140.96,2024-06-26,featured_listing
587,3818,256.61,2025-09-19,featured_listing
588,515,385.92,2024-09-09,featured_listing
589,3360,1000.0,2024-09-07,subscription
590,4895,2000.0,2024-02-29,subscription
591,2490,2000.0,2024-05-04,subscription
592,306,500.0,2024-01-19,subscription
593,1700,1000.0,2025-08-07,subscription
594,2825,5000.0,2024-12-30,subscription
595,2022,5000.0,2025-10-01,subscription
596,3275,2000.0,2024-01-06,subscription
597,4398,394.34,2025-05-22,featured_listing
598,2645,408.27,2024-03-03,featured_listing
599,3753,500.0,2024-04-18,subscription
600,3487,430.33,2024-02-16,featured_listing
601,2325,450.89,2025-07-23,featured_listing
602,3969,500.0,2024-03-14,subscription
603,1516,5000.0,2024-07-13,subscription
604,3212,291.41,2024-03-01,featured_listing
605,2128,5000.0,2025-01-15,subscription
606,2486,133.49,2024-11-04,featured_listing
607,1309,174.11,2024-12-16,featured_listing
608,2970,2000.0,2024-09-14,subscription
609,4535,303.32,2024-11-12,featured_listing
610,183,1000.0,2025-04-02,subscription
611,4795,500.0,2025-02-01,subscription
612,761,500.0,2024-02-05,subscription
613,460,1000.0,2024-04-25,subscription
614,4775,105.21,2024-11-21,featured_listing
615,837,112.05,2024-02-12,featured_listing
616,1909,2000.0,2025-11-10,subscription
617,4596,198.86,2024-02-03,featured_listing
618,4,340.3,2024-08-11,featured_listing
619,3469,281.05,2025-03-11,featured_listing
620,3891,439.02,2024-02-20,featured_listing
621,4368,284.69,2024-09-07,featured_listing
622,4874,1000.0,2025-09-22,subscription
623,2129,2000.0,2024-03-28,subscription
624,4467,405.94,2024-06-15,featured_listing
625,4128,366.1,2024-04-15,featured_listing
626,1405,5000.0,2024-01-02,subscription
627,4830,1000.0,2025-06-01,subscription
628,3860,1000.0,2024-06-17,subscription
629,2658,1000.0,2024-02-16,subscription
630,79,1000.0,2025-11-27,subscription
631,855,1000.0,2024-02-10,subscription
632,4163,1000.0,2024-01-30,subscription
633,1966,1000.0,2024-06-26,subscription
634,299,1000.0,2025-12-10,subscription
635,4499,456.62,2024-01-03,featured_listing
636,4210,154.65,2025-02-14,featured_listing
637,3820,198.76,2024-05-24,featured_listing
638,3442,2000.0,2024-02-02,subscription
639,1573,2000.0,2025-08-31,subscription
640,4020,255.24,2024-09-14,featured_listing
641,4805,1000.0,2025-06-29,subscription
642,2025,1000.0,2025-07-02,subscription
643,580,473.84,2025-12-19,featured_listing
644,2107,2000.0,2025-06-18,subscription
645,3198,2000.0,2024-06-03,subscription
646,4216,2000.0,2025-01-20,subscription
647,3211,2000.0,2025-01-12,subscription
648,4004,5000.0,2025-10-27,subscription
649,4532,123.38,2024-08-12,featured_listing
650,3868,500.0,2024-03-22,subscription
651,4466,495.89,2024-07-03,featured_listing
652,3215,500.0,2024-09-08,subscription
653,3241,500.0,2024-08-17,subscription
654,424,2000.0,2025-12-28,subscription
655,3300,412.24,2025-09-21,featured_listing
656,2448,288.57,2025-05-17,featured_listing
657,901,442.5,2025-09-05,featured_listing
658,667,109.04,2024-04-10,featured_listing
659,2519,500.0,2025-12-30,subscription
660,1567,1000.0,2024-08-08,subscription
661,2138,432.92,2024-01-03,featured_listing
662,4023,329.2,2025-12-05,featured_listing
663,1258,123.44,2025-01-31,featured_listing
664,4480,276.51,2025-12-05,featured_listing
665,4439,455.97,2025-08-21,featured_listing
666,4155,499.67,2024-02-27,featured_listing
667,4994,351.18,2025-11-26,featured_listing
668,702,169.71,2024-07-26,featured_listing
669,4826,159.59,2025-06-13,featured_listing
670,3786,5000.0,2024-07-24,subscription
671,476,190.91,2024-12-26,featured_listing
672,4353,204.66,2024-07-27,featured_listing
673,4304,5000.0,2024-04-14,subscription
674,2249,500.0,2025-09-21,subscription
675,3246,500.0,2025-03-19,subscription
676,547,500.0,2025-01-27,subscription
677,2765,2000.0,2025-03-18,subscription
678,281,450.36,2024-07-23,featured_listing
679,108,299.53,2024-07-20,featured_listing
680,3327,500.0,2025-07-15,subscription
681,2090,5000.0,2025-01-31,subscription
682,3530,1000.0,2024-09-19,subscription
683,2468,285.93,2025-09-20,featured_listing
684,280,5000.0,2024-07-27,subscription
685,1566,2000.0,2024-08-29,subscription
686,3358,250.06,2025-02-22,featured_listing
687,1113,238.97,2025-03-24,featured_listing
688,3668,5000.0,2025-10-13,subscription
689,1376,1000.0,2025-08-14,subscription
690,4451,397.51,2025-03-28,featured_listing
691,2615,500.0,2025-10-22,subscription
692,615,2000.0,2024-11-09,subscription
693,4631,5000.0,2025-04-24,subscription
694,542,1000.0,2024-03-16,subscription
695,2962,500.0,2025-05-26,subscription
696,847,2000.0,2024-10-03,subscription
697,2422,110.02,2025-05-13,featured_listing
698,1576,5000.0,2025-07-03,subscription
699,2615,261.85,2025-01-19,featured_listing
700,1650,145.31,2024-10-15,featured_listing
701,872,149.97,2025-12-06,featured_listing
702,3148,1000.0,2024-08-28,subscription
703,3606,372.65,2024-02-24,featured_listing
704,3396,2000.0,2024-06-21,subscription
705,301,305.3,2024-05-29,featured_listing
706,3002,500.0,2025-10-13,subscription
707,42,1000.0,2025-08-12,subscription
708,2444,500.0,2024-11-27,subscription
709,484,2000.0,2024-10-04,subscription
710,2788,1000.0,2024-10-08,subscription
711,907,223.97,2025-04-09,featured_listing
712,1063,5000.0,2024-07-29,subscription
713,2966,300.4,2025-06-16,featured_listing
714,696,5000.0,2025-09-16,subscription
715,4626,475.41,2024-02-03,featured_listing
716,3171,277.5,2024-06-09,featured_listing
717,4279,236.65,2024-05-08,featured_listing
718,3626,493.63,2025-05-14,featured_listing
719,488,1000.0,2025-08-15,subscription
720,3131,153.42,2025-11-06,featured_listing
721,4277,1000.0,2024-12-13,subscription
722,4037,500.0,2025-06-27,subscription
723,757,397.36,2025-11-27,featured_listing
724,1381,2000.0,2024-06-23,subscription
725,1744,1000.0,2025-01-06,subscription
726,767,146.91,2024-08-26,featured_listing
727,1312,1000.0,2025-12-22,subscription
728,4406,1000.0,2025-08-04,subscription
729,4811,2000.0,2024-03-04,subscription
730,2545,287.27,2025-08-24,featured_listing
731,2623,212.95,2024-12-27,featured_listing
732,2035,500.0,2025-11-29,subscription
733,1261,2000.0,2025-08-10,subscription
734,2404,2000.0,2024-07-09,subscription
735,2393,395.88,2025-09-16,featured_listing
736,1504,5000.0,2025-07-09,subscription
737,4215,356.33,2024-05-12,featured_listing
738,202,500.0,2024-12-22,subscription
739,4492,2000.0,2024-12-28,subscription
740,432,375.17,2025-06-28,featured_listing
741,677,5000.0,2025-03-15,subscription
742,1317,1000.0,2024-06-19,subscription
743,3293,2000.0,2024-03-29,subscription
744,819,117.5,2024-07-22,featured_listing
745,1778,500.0,2025-12-30,subscription
746,2600,187.33,2024-10-24,featured_listing
747,1740,5000.0,2025-10-19,subscription
748,4854,2000.0,2024-09-21,subscription
749,2358,102.42,2024-01-21,featured_listing
750,2472,5000.0,2025-11-02,subscription
751,2269,5000.0,2024-07-10,subscription
752,1601,322.25,2025-01-16,featured_listing
753,316,5000.0,2025-04-09,subscription
754,797,135.84,2025-10-01,featured_listing
755,72,1000.0,2025-07-31,subscription
756,2432,5000.0,2024-11-27,subscription
757,791,1000.0,2024-05-01,subscription
758,3089,373.5,2024-08-19,featured_listing
759,1867,254.92,2025-10-28,featured_listing
760,4451,246.32,2025-05-23,featured_listing
761,4863,5000.0,2025-08-31,subscription
762,2354,180.61,2025-08-25,featured_listing
763,4347,226.54,2025-09-30,featured_listing
764,3711,382.51,2025-09-13,featured_listing
765,2520,2000.0,2025-05-31,subscription
766,1283,500.0,2024-10-27,subscription
767,1994,376.9,2024-02-26,featured_listing
768,2563,107.99,2025-02-27,featured_listing
769,1461,500.0,2025-07-25,subscription
770,414,401.46,2024-02-19,featured_listing
771,1331,345.8,2024-12-01,featured_listing
772,2295,2000.0,2025-08-25,subscription
773,4151,479.64,2024-07-29,featured_listing
774,1140,1000.0,2025-05-01,subscription
775,687,248.3,2025-06-02,featured_listing
776,848,500.0,2024-09-05,subscription
777,4950,2000.0,2025-07-14,subscription
778,404,2000.0,2025-03-31,subscription
779,4925,437.17,2025-05-18,featured_listing
780,2802,500.0,2024-09-27,subscription
781,2215,109.75,2025-12-09,featured_listing
782,801,2000.0,2025-08-11,subscription
783,1057,455.05,2024-04-02,featured_listing
784,4517,5000.0,2025-01-22,subscription
785,4390,500.0,2025-12-28,subscription
786,3961,204.84,2025-08-21,featured_listing
787,135,200.6,2024-04-05,featured_listing
788,2721,2000.0,2024-02-15,subscription
789,4976,205.59,2024-10-18,featured_listing
790,4965,331.81,2024-11-06,featured_listing
791,3269,327.63,2024-07-31,featured_listing
792,3100,5000.0,2025-10-12,subscription
793,3237,500.0,2024-03-23,subscription
794,3425,5000.0,2024-04-21,subscription
795,217,129.19,2024-06-02,featured_listing
796,1033,239.23,2025-05-18,featured_listing
797,3421,2000.0,2025-12-03,subscription
798,2433,5000.0,2025-10-08,subscription
799,3634,2000.0,2025-07-02,subscription
800,1824,2000.0,2025-12-08,subscription
801,2572,2000.0,2024-01-07,subscription
802,4741,500.0,2024-05-30,subscription
803,4546,431.24,2024-06-15,featured_listing
804,1998,355.97,2025-01-19,featured_listing
805,1714,227.46,2025-02-15,featured_listing
806,4395,491.8,2024-07-22,featured_listing
807,736,150.83,2024-12-07,featured_listing
808,3807,500.0,2024-10-05,subscription
809,3142,2000.0,2024-11-26,subscription
810,1422,109.87,2024-09-12,featured_listing
811,3504,102.76,2025-11-11,featured_listing
812,4716,1000.0,2025-07-22,subscription
813,1199,357.52,2024-01-22,featured_listing
814,4721,2000.0,2024-12-23,subscription
815,3289,5000.0,2025-03-10,subscription
816,1693,312.35,2024-01-28,featured_listing
817,3048,500.0,2024-11-11,subscription
818,1290,277.54,2024-05-23,featured_listing
819,3224,5000.0,2024-12-11,subscription
820,3385,137.47,2025-01-25,featured_listing
821,4149,500.0,2024-10-18,subscription
822,177,500.0,2024-10-04,subscription
823,4463,2000.0,2025-02-13,subscription
824,267,1000.0,2024-09-21,subscription
825,3438,500.0,2025-04-01,subscription
826,347,473.69,2024-05-16,featured_listing
827,2041,500.0,2024-02-28,subscription
828,4359,1000.0,2025-10-13,subscription
829,2596,1000.0,2024-09-08,subscription
830,1510,5000.0,2024-01-12,subscription
831,2913,500.0,2025-06-20,subscription
832,3720,5000.0,2025-03-31,subscription
833,396,5000.0,2024-10-22,subscription
834,1903,500.0,2024-01-24,subscription
835,736,364.38,2024-01-11,featured_listing
836,3179,121.24,2024-12-12,featured_listing
837,4981,5000.0,2025-09-08,subscription
838,1991,2000.0,2024-03-20,subscription
839,3053,296.88,2024-02-27,featured_listing
840,3783,5000.0,2025-05-25,subscription
841,2186,2000.0,2025-09-13,subscription
842,6,1000.0,2024-08-12,subscription
843,1477,500.0,2025-05-24,subscription
844,4928,5000.0,2025-02-15,subscription
845,1207,500.0,2024-12-25,subscription
846,3092,5000.0,2024-03-23,subscription
847,4172,5000.0,2024-02-27,subscription
848,3856,1000.0,2025-12-19,subscription
849,2519,5000.0,2024-02-15,subscription
850,4108,261.03,2025-06-02,featured_listing
851,355,5000.0,2024-12-17,subscription
852,4188,164.72,2025-03-27,featured_listing
853,4672,5000.0,2024-06-16,subscription
854,1266,148.7,2024-11-28,featured_listing
855,4962,500.0,2025-07-05,subscription
856,2979,5000.0,2025-03-24,subscription
857,3573,5000.0,2024-02-20,subscription
858,3792,422.66,2025-09-17,featured_listing
859,4639,5000.0,2024-08-16,subscription
860,3507,239.21,2024-11-08,featured_listing
861,2754,205.32,2025-01-18,featured_listing
862,2958,302.23,2025-07-03,featured_listing
863,534,500.0,2024-12-22,subscription
864,4872,487.03,2025-02-04,featured_listing
865,1875,1000.0,2025-06-06,subscription
866,868,498.45,2025-05-11,featured_listing
867,2037,5000.0,2025-08-14,subscription
868,3020,1000.0,2025-10-19,subscription
869,1894,324.7,2025-09-07,featured_listing
870,3484,500.0,2025-07-05,subscription
871,4038,2000.0,2024-05-18,subscription
872,675,5000.0,2024-07-23,subscription
873,3820,366.61,2024-02-12,featured_listing
874,3098,452.74,2025-05-16,featured_listing
875,830,410.76,2024-12-12,featured_listing
876,2986,150.08,2024-02-16,featured_listing
877,374,379.81,2024-01-29,featured_listing
878,4236,1000.0,2024-05-08,subscription
879,4618,5000.0,2024-04-08,subscription
880,2130,332.28,2024-06-02,featured_listing
881,349,218.83,2025-11-23,featured_listing
882,526,2000.0,2024-05-09,subscription
883,459,5000.0,2024-02-25,subscription
884,298,5000.0,2025-03-30,subscription
885,4878,1000.0,2024-11-14,subscription
886,3084,2000.0,2024-07-03,subscription
887,4311,2000.0,2025-04-21,subscription
888,3510,5000.0,2025-12-27,subscription
889,4934,177.21,2024-09-27,featured_listing
890,254,202.72,2024-11-27,featured_listing
891,3224,394.98,2024-02-20,featured_listing
892,4447,128.58,2025-01-15,featured_listing
893,3890,5000.0,2024-06-05,subscription
894,236,1000.0,2025-08-10,subscription
895,423,134.97,2024-05-09,featured_listing
896,543,1000.0,2024-12-22,subscription
897,3175,272.57,2024-09-10,featured_listing
898,355,310.95,2025-08-03,featured_listing
899,663,5000.0,2025-08-02,subscription
900,3438,5000.0,2024-05-27,subscription
901,4095,2000.0,2025-04-25,subscription
902,4075,460.09,2024-09-04,featured_listing
903,2,500.0,2025-03-05,subscription
904,4367,500.0,2024-02-12,subscription
905,299,1000.0,2024-05-26,subscription
906,3428,375.62,2025-09-06,featured_listing
907,1517,500.0,2024-10-15,subscription
908,997,103.14,2025-05-28,featured_listing
909,3141,323.23,2025-05-30,featured_listing
910,39,342.64,2024-04-06,featured_listing
911,4772,2000.0,2025-05-23,subscription
912,1338,5000.0,2025-11-03,subscription
913,3389,2000.0,2025-05-25,subscription
914,2861,2000.0,2025-04-12,subscription
915,293,206.07,2024-08-14,featured_listing
916,273,336.74,2024-01-13,featured_listing
917,2405,357.7,2024-07-05,featured_listing
918,4898,500.0,2025-11-29,subscription
919,1365,1000.0,2024-05-13,subscription
920,2677,110.39,2024-05-09,featured_listing
921,3387,480.71,2025-04-16,featured_listing
922,2035,1000.0,2024-09-12,subscription
923,1246,500.0,2025-06-11,subscription
924,4176,426.64,2024-02-07,featured_listing
925,3849,2000.0,2025-03-06,subscription
926,3720,292.17,2025-12-30,featured_listing
927,2547,5000.0,2025-08-01,subscription
928,3471,2000.0,2024-10-25,subscription
929,2668,305.83,2025-01-17,featured_listing
930,4237,350.54,2024-10-30,featured_listing
931,2206,500.0,2025-09-10,subscription
932,3493,358.74,2024-11-07,featured_listing
933,1831,500.0,2024-03-14,subscription
934,4046,250.23,2024-05-10,featured_listing
935,1399,354.62,2025-02-16,featured_listing
936,4382,125.61,2024-05-28,featured_listing
937,2116,476.47,2025-05-04,featured_listing
938,2691,467.27,2024-04-22,featured_listing
939,2421,5000.0,2025-02-09,subscription
940,114,500.0,2024-10-18,subscription
941,770,1000.0,2024-08-07,subscription
942,1862,500.0,2024-12-20,subscription
943,846,310.88,2025-06-05,featured_listing
944,3448,191.46,2025-06-08,featured_listing
945,4274,2000.0,2024-08-27,subscription
946,2698,500.0,2025-08-21,subscription
947,3441,5000.0,2024-01-03,subscription
948,708,348.2,2024-07-30,featured_listing
949,3032,218.86,2024-10-22,featured_listing
950,1388,1000.0,2024-07-06,subscription
951,2662,448.68,2024-08-02,featured_listing
952,1942,2000.0,2025-07-06,subscription
953,1273,5000.0,2024-02-11,subscription
954,2929,334.17,2025-08-15,featured_listing
955,2655,212.13,2025-07-21,featured_listing
956,2252,500.0,2024-02-04,subscription
957,4797,1000.0,2025-05-16,subscription
958,4247,500.0,2025-02-12,subscription
959,2737,442.96,2024-06-12,featured_listing
960,4745,357.57,2025-11-16,featured_listing
961,3491,500.0,2024-10-20,subscription
962,4135,5000.0,2024-08-05,subscription
963,3917,2000.0,2024-10-21,subscription
964,930,464.34,2025-02-21,featured_listing
965,1875,2000.0,2025-06-02,subscription
966,1998,500.0,2025-05-29,subscription
967,278,5000.0,2025-06-16,subscription
968,1842,5000.0,2025-07-31,subscription
969,2358,2000.0,2025-11-01,subscription
970,2414,5000.0,2025-10-16,subscription
971,100,2000.0,2024-11-12,subscription
972,2379,1000.0,2024-06-02,subscription
973,1277,2000.0,2025-03-29,subscription
974,248,5000.0,2025-10-30,subscription
975,274,491.41,2025-10-10,featured_listing
976,4640,5000.0,2024-02-04,subscription
977,2501,495.11,2025-06-19,featured_listing
978,1182,1000.0,2025-04-22,subscription
979,4584,2000.0,2024-06-08,subscription
980,4756,471.95,2025-10-10,featured_listing
981,3084,500.0,2025-08-11,subscription
982,3816,500.0,2024-10-15,subscription
983,372,148.77,2025-07-18,featured_listing
984,1893,5000.0,2025-09-04,subscription
985,4772,332.48,2025-05-17,featured_listing
986,1795,5000.0,2024-10-05,subscription
987,1776,5000.0,2024-01-17,subscription
988,1391,1000.0,2025-08-22,subscription
989,3073,2000.0,2025-10-24,subscription
990,4118,500.0,2024-12-07,subscription
991,867,203.2,2025-08-16,featured_listing
992,3051,5000.0,2024-10-03,subscription
993,1831,453.66,2025-11-21,featured_listing
994,4471,2000.0,2025-06-09,subscription
995,397,220.62,2025-05-20,featured_listing
996,790,1000.0,2025-06-01,subscription
997,2403,500.0,2025-01-11,subscription
998,4319,399.09,2024-08-29,featured_listing
999,153,109.67,2025-03-18,featured_listing
1000,1626,500.0,2024-02-20,subscription
1001,2011,1000.0,2025-10-10,subscription
1002,3890,500.0,2025-05-16,subscription
1003,3800,311.97,2025-02-16,featured_listing
1004,1818,2000.0,2025-11-11,subscription
1005,4512,1000.0,2024-01-18,subscription
1006,3475,494.48,2024-08-19,featured_listing
1007,342,343.07,2025-07-31,featured_listing
1008,2481,379.79,2025-03-10,featured_listing
1009,2940,173.46,2024-03-22,featured_listing
1010,4130,5000.0,2025-09-20,subscription
1011,825,1000.0,2024-12-12,subscription
1012,3847,500.0,2025-04-14,subscription
1013,1718,5000.0,2025-07-06,subscription
1014,1026,1000.0,2024-04-19,subscription
1015,4435,500.0,2024-11-27,subscription
1016,3553,268.94,2025-12-19,featured_listing
1017,4415,400.55,2024-08-06,featured_listing
1018,2240,318.2,2024-03-23,featured_listing
1019,4800,1000.0,2025-04-19,subscription
1020,713,1000.0,2024-06-05,subscription
1021,1097,5000.0,2025-08-17,subscription
1022,1440,500.0,2024-01-08,subscription
1023,3798,450.29,2025-04-03,featured_listing
1024,2329,2000.0,2024-05-14,subscription
1025,3151,1000.0,2024-12-26,subscription
1026,4118,397.38,2025-01-08,featured_listing
1027,2176,198.29,2025-03-06,featured_listing
1028,2373,500.0,2025-12-24,subscription
1029,2710,2000.0,2024-08-28,subscription
1030,454,432.5,2025-03-27,featured_listing
1031,2892,1000.0,2025-12-04,subscription
1032,2336,1000.0,2025-05-11,subscription
1033,3702,249.22,2024-05-02,featured_listing
1034,4982,5000.0,2025-08-11,subscription
1035,4656,1000.0,2025-06-15,subscription
1036,3489,2000.0,2024-09-10,subscription
1037,686,2000.0,2025-06-10,subscription
1038,712,1000.0,2024-04-27,subscription
1039,1457,302.91,2025-11-02,featured_listing
1040,263,500.0,2024-07-09,subscription
1041,1784,500.0,2024-02-20,subscription
1042,1771,327.22,2025-04-02,featured_listing
1043,1395,1000.0,2024-04-26,subscription
1044,4806,385.71,2025-07-15,featured_listing
1045,2295,371.05,2024-03-31,featured_listing
1046,2373,1000.0,2024-11-12,subscription
1047,1200,500.0,2024-10-02,subscription
1048,3693,267.58,2025-08-03,featured_listing
1049,62,471.54,2025-05-11,featured_listing
1050,3305,1000.0,2024-03-08,subscription
1051,29,115.03,2024-04-06,featured_listing
1052,4008,2000.0,2024-05-14,subscription
1053,4692,388.04,2024-11-28,featured_listing
1054,2022,2000.0,2024-06-23,subscription
1055,958,5000.0,2024-04-20,subscription
1056,23,1000.0,2024-04-02,subscription
1057,1635,451.07,2024-10-12,featured_listing
1058,1350,1000.0,2024-07-27,subscription
1059,2896,208.25,2025-04-07,featured_listing
1060,4202,456.48,2024-11-11,featured_listing
1061,2301,5000.0,2025-11-24,subscription
1062,2503,2000.0,2025-07-22,subscription
1063,2803,5000.0,2024-06-10,subscription
1064,2567,327.52,2025-08-08,featured_listing
1065,1902,2000.0,2024-02-12,subscription
1066,2268,2000.0,2025-12-03,subscription
1067,73,245.79,2025-08-02,featured_listing
1068,516,2000.0,2025-07-28,subscription
1069,4679,280.14,2024-05-16,featured_listing
1070,3062,458.59,2025-08-24,featured_listing
1071,2427,2000.0,2024-11-27,subscription
1072,1766,1000.0,2025-05-10,subscription
1073,2794,1000.0,2024-03-14,subscription
1074,1235,324.64,2025-11-22,featured_listing
1075,1870,268.51,2025-11-26,featured_listing
1076,1393,2000.0,2025-12-02,subscription
1077,4595,2000.0,2024-07-11,subscription
1078,3737,5000.0,2024-03-13,subscription
1079,1620,403.44,2025-08-10,featured_listing
1080,1336,5000.0,2025-07-05,subscription
1081,3233,134.05,2024-05-16,featured_listing
1082,4908,5000.0,2025-08-09,subscription
1083,1641,165.41,2024-07-12,featured_listing
1084,4246,269.08,2025-08-30,featured_listing
1085,2817,500.0,2024-02-01,subscription
1086,4507,331.6,2025-04-05,featured_listing
1087,4503,5000.0,2025-09-13,subscription
1088,875,163.29,2025-02-02,featured_listing
1089,2176,1000.0,2025-04-13,subscription
1090,1929,2000.0,2025-01-19,subscription
1091,2826,2000.0,2024-03-03,subscription
1092,834,1000.0,2025-11-06,subscription
1093,2068,5000.0,2025-06-08,subscription
1094,1934,500.0,2025-03-07,subscription
1095,2130,500.0,2024-01-02,subscription
1096,4332,5000.0,2025-03-12,subscription
1097,1052,378.46,2025-01-28,featured_listing
1098,3528,500.0,2025-05-05,subscription
1099,999,5000.0,2024-02-10,subscription
1100,3404,500.0,2025-05-31,subscription
1101,534,2000.0,2024-06-19,subscription
1102,4462,5000.0,2025-12-19,subscription
1103,4976,176.95,2025-09-21,featured_listing
1104,4938,451.16,2024-09-28,featured_listing
1105,1838,307.09,2024-12-12,featured_listing
1106,1216,500.0,2024-11-03,subscription
1107,2344,5000.0,2025-12-21,subscription
1108,4773,210.54,2025-11-04,featured_listing
1109,2166,2000.0,2025-08-15,subscription
1110,871,2000.0,2025-08-03,subscription
1111,2622,5000.0,2024-04-28,subscription
1112,839,1000.0,2025-07-15,subscription
1113,66,500.0,2025-05-13,subscription
1114,572,5000.0,2024-05-05,subscription
1115,2656,1000.0,2025-12-05,subscription
1116,597,393.62,2025-11-09,featured_listing
1117,860,190.28,2024-11-11,featured_listing
1118,2828,347.42,2024-08-26,featured_listing
1119,4009,5000.0,2024-08-09,subscription
1120,3910,500.0,2025-12-06,subscription
1121,3513,2000.0,2025-09-06,subscription
1122,484,131.57,2024-12-24,featured_listing
1123,3186,228.17,2025-07-01,featured_listing
1124,2804,2000.0,2025-10-10,subscription
1125,2946,5000.0,2025-10-09,subscription
1126,1141,500.0,2025-07-06,subscription
1127,4112,402.52,2024-07-06,featured_listing
1128,1594,2000.0,2025-10-28,subscription
1129,4715,5000.0,2025-04-02,subscription
1130,875,1000.0,2024-08-27,subscription
1131,4065,106.97,2025-04-25,featured_listing
1132,2506,500.0,2024-03-24,subscription
1133,377,167.64,2025-06-24,featured_listing
1134,226,195.58,2024-03-30,featured_listing
1135,2268,240.98,2025-05-12,featured_listing
1136,3902,500.0,2024-01-20,subscription
1137,2950,425.67,2025-12-23,featured_listing
1138,1418,5000.0,2025-05-14,subscription
1139,2826,1000.0,2024-10-22,subscription
1140,2659,5000.0,2024-01-17,subscription
1141,4551,122.4,2024-04-16,featured_listing
1142,2615,500.0,2025-06-13,subscription
1143,4016,5000.0,2024-01-04,subscription
1144,4638,186.36,2024-07-28,featured_listing
1145,4213,175.11,2025-10-04,featured_listing
1146,3972,402.21,2024-02-10,featured_listing
1147,3667,5000.0,2024-05-25,subscription
1148,3275,328.44,2025-04-21,featured_listing
1149,663,2000.0,2025-07-21,subscription
1150,2889,1000.0,2024-10-12,subscription
1151,1465,149.39,2025-06-22,featured_listing
1152,2155,499.64,2024-08-08,featured_listing
1153,4640,405.1,2025-01-06,featured_listing
1154,1304,1000.0,2024-01-08,subscription
1155,2690,500.0,2024-09-01,subscription
1156,2949,252.0,2024-03-26,featured_listing
1157,2456,1000.0,2025-02-06,subscription
1158,3952,283.51,2025-10-23,featured_listing
1159,1512,500.0,2024-12-30,subscription
1160,3573,1000.0,2024-12-03,subscription
1161,4991,167.13,2024-06-19,featured_listing
1162,977,2000.0,2024-12-30,subscription
1163,148,500.0,2025-11-07,subscription
1164,94,5000.0,2025-04-28,subscription
1165,4033,5000.0,2025-08-07,subscription
1166,3267,207.22,2025-10-30,featured_listing
1167,4165,323.82,2024-05-11,featured_listing
1168,1767,120.96,2025-04-18,featured_listing
1169,4735,1000.0,2025-03-23,subscription
1170,1895,1000.0,2025-04-15,subscription
1171,4573,436.12,2025-07-05,featured_listing
1172,2597,1000.0,2024-10-10,subscription
1173,3279,163.13,2025-12-15,featured_listing
1174,4437,5000.0,2024-10-14,subscription
1175,618,281.0,2024-10-02,featured_listing
1176,1903,481.42,2025-10-27,featured_listing
1177,2694,5000.0,2025-10-18,subscription
1178,1859,315.61,2025-03-08,featured_listing
1179,3134,117.16,2024-11-29,featured_listing
1180,3217,2000.0,2025-02-07,subscription
1181,1965,263.56,2025-02-09,featured_listing
1182,1359,1000.0,2024-10-18,subscription
1183,1701,500.0,2025-10-05,subscription
1184,4804,500.0,2024-11-09,subscription
1185,3900,1000.0,2025-02-28,subscription
1186,85,1000.0,2024-07-04,subscription
1187,231,251.57,2024-02-29,featured_listing
1188,2061,5000.0,2025-01-08,subscription
1189,4493,5000.0,2025-09-12,subscription
1190,2509,5000.0,2025-10-24,subscription
1191,2600,314.47,2024-04-14,featured_listing
1192,1711,373.31,2025-05-14,featured_listing
1193,797,454.71,2025-08-28,featured_listing
1194,1999,107.27,2024-08-24,featured_listing
1195,1063,134.67,2025-08-16,featured_listing
1196,4032,1000.0,2024-05-24,subscription
1197,53,1000.0,2024-05-26,subscription
1198,3363,441.78,2025-03-01,featured_listing
1199,3093,156.82,2025-01-18,featured_listing
1200,3844,5000.0,2024-02-03,subscription
1201,1909,488.98,2025-11-12,featured_listing
1202,128,1000.0,2024-09-16,subscription
1203,481,308.27,2024-03-27,featured_listing
1204,916,500.0,2024-06-29,subscription
1205,1549,1000.0,2025-08-28,subscription
1206,4564,2000.0,2024-01-30,subscription
1207,3920,124.87,2024-10-02,featured_listing
1208,3053,5000.0,2024-05-03,subscription
1209,3871,5000.0,2025-09-10,subscription
1210,2854,5000.0,2024-03-31,subscription
1211,1966,103.72,2024-06-07,featured_listing
1212,3330,268.34,2025-06-23,featured_listing
1213,4305,1000.0,2025-09-05,subscription
1214,1136,277.27,2025-04-18,featured_listing
1215,1714,5000.0,2024-09-27,subscription
1216,3560,500.0,2024-06-16,subscription
1217,4730,5000.0,2025-05-07,subscription
1218,2309,1000.0,2025-01-22,subscription
1219,4466,387.96,2025-01-02,featured_listing
1220,586,237.94,2025-12-09,featured_listing
1221,3097,2000.0,2025-11-11,subscription
1222,379,169.96,2024-10-02,featured_listing
1223,82,209.72,2025-04-10,featured_listing
1224,1807,1000.0,2025-08-27,subscription
1225,2157,500.0,2025-04-05,subscription
1226,3658,1000.0,2024-04-01,subscription
1227,2280,1000.0,2024-01-05,subscription
1228,1773,5000.0,2024-08-01,subscription
1229,1206,500.0,2025-03-30,subscription
1230,4820,2000.0,2025-03-13,subscription
1231,3964,2000.0,2024-09-20,subscription
1232,1145,1000.0,2024-10-27,subscription
1233,407,2000.0,2025-08-24,subscription
1234,4405,345.98,2025-10-12,featured_listing
1235,863,500.0,2025-09-05,subscription
1236,3800,364.91,2024-10-26,featured_listing
1237,4860,1000.0,2025-08-27,subscription
1238,1043,5000.0,2024-11-28,subscription
1239,4395,292.24,2025-10-14,featured_listing
1240,3360,195.46,2025-12-11,featured_listing
1241,4377,500.0,2024-08-24,subscription
1242,3051,2000.0,2024-03-02,subscription
1243,4822,1000.0,2024-12-13,subscription
1244,506,495.52,2024-11-07,featured_listing
1245,4684,128.04,2025-03-18,featured_listing
1246,3229,260.2,2025-06-10,featured_listing
1247,865,5000.0,2025-07-11,subscription
1248,2153,1000.0,2024-09-01,subscription
1249,1990,183.66,2025-08-29,featured_listing
1250,3527,5000.0,2025-03-15,subscription
1251,2314,2000.0,2025-03-07,subscription
1252,3533,419.51,2025-08-11,featured_listing
1253,64,2000.0,2024-04-30,subscription
1254,157,500.0,2025-12-22,subscription
1255,838,1000.0,2024-07-13,subscription
1256,3672,262.36,2024-03-24,featured_listing
1257,309,257.19,2025-03-01,featured_listing
1258,2019,2000.0,2024-04-10,subscription
1259,4106,1000.0,2024-05-30,subscription
1260,3395,454.86,2025-12-30,featured_listing
1261,1084,169.29,2025-06-11,featured_listing
1262,1006,495.2,2024-03-25,featured_listing
1263,2756,460.21,2024-09-04,featured_listing
1264,1931,202.05,2024-04-01,featured_listing
1265,2030,5000.0,2024-02-18,subscription
1266,569,5000.0,2024-12-27,subscription
1267,1806,274.5,2025-02-11,featured_listing
1268,4973,5000.0,2024-01-31,subscription
1269,3826,124.67,2025-06-02,featured_listing
1270,978,436.98,2025-11-01,featured_listing
1271,4382,474.67,2024-07-16,featured_listing
1272,660,500.0,2024-07-14,subscription
1273,3371,361.84,2024-04-24,featured_listing
1274,4671,206.79,2025-09-03,featured_listing
1275,720,2000.0,2024-02-05,subscription
1276,3129,1000.0,2025-08-18,subscription
1277,2163,5000.0,2025-12-17,subscription
1278,2243,5000.0,2025-06-17,subscription
1279,4200,171.32,2025-09-12,featured_listing
1280,3788,5000.0,2024-10-18,subscription
1281,520,2000.0,2024-06-03,subscription
1282,3276,322.85,2024-01-26,featured_listing
1283,3429,398.51,2024-10-27,featured_listing
1284,922,1000.0,2025-08-11,subscription
1285,3383,1000.0,2025-04-16,subscription
1286,3074,5000.0,2024-07-29,subscription
1287,2579,339.17,2024-12-22,featured_listing
1288,92,305.18,2025-12-25,featured_listing
1289,3912,486.71,2024-05-16,featured_listing
1290,488,247.47,2024-12-08,featured_listing
1291,4325,1000.0,2025-03-31,subscription
1292,4571,5000.0,2024-12-11,subscription
1293,371,2000.0,2024-02-13,subscription
1294,2047,2000.0,2025-04-22,subscription
1295,566,489.78,2024-02-13,featured_listing
1296,938,168.69,2025-12-25,featured_listing
1297,274,1000.0,2024-01-15,subscription
1298,586,1000.0,2024-01-12,subscription
1299,1219,449.92,2024-03-19,featured_listing
1300,1549,5000.0,2025-03-17,subscription
1301,1427,197.89,2024-01-31,featured_listing
1302,1217,1000.0,2024-07-22,subscription
1303,427,104.87,2024-06-04,featured_listing
1304,1670,2000.0,2024-08-02,subscription
1305,1336,2000.0,2025-06-25,subscription
1306,69,1000.0,2024-10-08,subscription
1307,1069,5000.0,2024-08-04,subscription
1308,2485,262.05,2025-08-09,featured_listing
1309,178,1000.0,2024-09-03,subscription
1310,2054,5000.0,2024-01-05,subscription
1311,4991,1000.0,2024-11-20,subscription
1312,4849,1000.0,2025-10-02,subscription
1313,3798,500.0,2025-10-05,subscription
1314,2198,118.74,2025-02-05,featured_listing
1315,4572,1000.0,2024-01-11,subscription
1316,3545,498.69,2024-02-01,featured_listing
1317,1085,1000.0,2025-09-16,subscription
1318,4023,2000.0,2025-07-10,subscription
1319,1752,1000.0,2025-11-30,subscription
1320,4013,1000.0,2024-05-16,subscription
1321,3637,500.0,2025-09-16,subscription
1322,1528,2000.0,2024-05-11,subscription
1323,296,442.85,2025-09-12,featured_listing
1324,4394,2000.0,2025-07-14,subscription
1325,1625,500.0,2024-11-04,subscription
1326,3370,232.71,2025-10-26,featured_listing
1327,1857,2000.0,2024-04-06,subscription
1328,4248,1000.0,2024-02-07,subscription
1329,3681,256.15,2024-04-25,featured_listing
1330,2592,436.31,2025-02-17,featured_listing
1331,2493,1000.0,2025-06-11,subscription
1332,2159,396.82,2024-10-21,featured_listing
1333,2233,1000.0,2024-03-02,subscription
1334,1912,500.0,2024-02-29,subscription
1335,3415,2000.0,2025-12-13,subscription
1336,1493,500.0,2024-08-05,subscription
1337,4894,186.96,2025-12-14,featured_listing
1338,1576,354.43,2024-03-10,featured_listing
1339,2451,500.0,2024-09-18,subscription
1340,2063,1000.0,2025-10-13,subscription
1341,2296,500.0,2024-10-22,subscription
1342,2902,5000.0,2025-08-13,subscription
1343,1653,500.0,2025-07-27,subscription
1344,3700,389.66,2024-11-05,featured_listing
1345,2037,5000.0,2025-04-18,subscription
1346,3144,2000.0,2024-04-13,subscription
1347,2379,109.68,2024-09-16,featured_listing
1348,1403,103.51,2025-02-08,featured_listing
1349,1300,447.87,2024-09-05,featured_listing
1350,3735,5000.0,2025-02-02,subscription
1351,4793,1000.0,2025-04-20,subscription
1352,3910,448.08,2024-03-19,featured_listing
1353,2572,1000.0,2024-05-09,subscription
1354,3957,500.0,2024-06-16,subscription
1355,1905,1000.0,2024-09-20,subscription
1356,481,500.0,2025-09-01,subscription
1357,1786,500.0,2025-06-22,subscription
1358,897,500.0,2024-04-04,subscription
1359,415,1000.0,2025-04-28,subscription
1360,4581,144.94,2024-02-08,featured_listing
1361,31,5000.0,2025-07-07,subscription
1362,4192,500.0,2025-10-13,subscription
1363,2379,1000.0,2025-04-15,subscription
1364,3486,500.0,2024-02-05,subscription
1365,644,462.07,2024-09-28,featured_listing
1366,1444,446.11,2024-11-09,featured_listing
1367,4872,2000.0,2025-08-14,subscription
1368,3018,304.06,2025-09-23,featured_listing
1369,405,500.0,2024-09-06,subscription
1370,2600,163.57,2024-04-18,featured_listing
1371,1434,397.74,2025-10-17,featured_listing
1372,421,1000.0,2025-02-18,subscription
1373,1133,190.72,2025-03-06,featured_listing
1374,514,474.1,2024-10-29,featured_listing
1375,3950,2000.0,2025-05-03,subscription
1376,4998,1000.0,2025-09-03,subscription
1377,2176,499.03,2025-06-07,featured_listing
1378,3211,2000.0,2024-05-24,subscription
1379,3976,2000.0,2024-08-17,subscription
1380,4184,1000.0,2025-10-24,subscription
1381,195,109.18,2025-04-10,featured_listing
1382,873,189.53,2024-10-16,featured_listing
1383,803,485.27,2025-07-07,featured_listing
1384,3555,341.4,2024-12-18,featured_listing
1385,212,283.66,2024-07-22,featured_listing
1386,369,1000.0,2025-08-06,subscription
1387,91,500.0,2025-08-20,subscription
1388,1765,112.52,2025-07-08,featured_listing
1389,110,1000.0,2025-10-19,subscription
1390,1679,2000.0,2024-07-16,subscription
1391,4095,2000.0,2025-08-06,subscription
1392,991,403.42,2025-10-05,featured_listing
1393,1008,474.92,2025-12-12,featured_listing
1394,2051,374.05,2025-05-27,featured_listing
1395,4212,500.0,2025-01-31,subscription
1396,2289,1000.0,2025-11-05,subscription
1397,4647,330.1,2024-03-19,featured_listing
1398,2670,500.0,2024-10-07,subscription
1399,2832,233.92,2024-03-31,featured_listing
1400,4051,5000.0,2024-02-20,subscription
1401,3170,500.0,2025-09-21,subscription
1402,4275,269.52,2025-11-30,featured_listing
1403,4549,500.0,2024-02-10,subscription
1404,1629,157.03,2025-07-13,featured_listing
1405,1917,365.4,2024-09-06,featured_listing
1406,4713,1000.0,2025-07-24,subscription
1407,4702,1000.0,2024-02-10,subscription
1408,1245,2000.0,2025-12-28,subscription
1409,2182,394.25,2025-09-28,featured_listing
1410,2745,207.22,2024-04-01,featured_listing
1411,3161,1000.0,2025-12-14,subscription
1412,711,5000.0,2025-06-22,subscription
1413,170,5000.0,2024-05-03,subscription
1414,1139,5000.0,2025-08-31,subscription
1415,777,323.29,2025-01-25,featured_listing
1416,2452,5000.0,2024-07-28,subscription
1417,3431,355.83,2024-08-08,featured_listing
1418,4038,435.23,2024-08-07,featured_listing
1419,4318,1000.0,2025-08-22,subscription
1420,4265,2000.0,2025-02-14,subscription
1421,1788,2000.0,2025-03-29,subscription
1422,1273,500.0,2025-04-18,subscription
1423,2514,5000.0,2025-02-04,subscription
1424,1325,2000.0,2024-06-03,subscription
1425,2636,111.74,2025-05-13,featured_listing
1426,2027,413.82,2024-06-30,featured_listing
1427,1810,234.05,2025-03-14,featured_listing
1428,1764,1000.0,2024-07-15,subscription
1429,605,1000.0,2024-03-15,subscription
1430,547,2000.0,2024-05-14,subscription
1431,3963,130.38,2025-08-27,featured_listing
1432,2192,500.0,2025-12-07,subscription
1433,4969,471.92,2024-01-12,featured_listing
1434,3364,5000.0,2024-05-02,subscription
1435,2017,2000.0,2024-07-11,subscription
1436,3702,2000.0,2024-11-10,subscription
1437,2471,5000.0,2024-09-19,subscription
1438,3218,500.0,2025-05-22,subscription
1439,4671,493.78,2025-07-05,featured_listing
1440,2159,459.1,2025-12-03,featured_listing
1441,843,500.0,2024-08-18,subscription
1442,4411,500.0,2025-05-12,subscription
1443,3970,2000.0,2024-05-31,subscription
1444,1308,5000.0,2025-05-25,subscription
1445,965,439.5,2024-08-01,featured_listing
1446,2703,2000.0,2025-07-01,subscription
1447,2675,500.0,2025-04-22,subscription
1448,4406,445.03,2024-06-05,featured_listing
1449,1595,500.0,2024-07-20,subscription
1450,2841,500.0,2024-11-04,subscription
1451,497,285.17,2025-09-25,featured_listing
1452,3812,124.28,2025-11-03,featured_listing
1453,3782,500.0,2025-08-15,subscription
1454,724,334.34,2025-03-05,featured_listing
1455,1096,477.61,2025-02-07,featured_listing
1456,3736,500.0,2024-08-21,subscription
1457,1621,5000.0,2024-12-25,subscription
1458,3532,103.63,2025-03-25,featured_listing
1459,1719,5000.0,2025-02-24,subscription
1460,4292,2000.0,2025-07-28,subscription
1461,4785,2000.0,2025-03-09,subscription
1462,3512,395.79,2025-11-30,featured_listing
1463,3231,2000.0,2025-01-07,subscription
1464,2656,386.93,2025-09-23,featured_listing
1465,4655,232.15,2024-09-10,featured_listing
1466,2182,2000.0,2024-09-20,subscription
1467,483,140.69,2024-05-23,featured_listing
1468,854,5000.0,2024-04-25,subscription
1469,2100,1000.0,2024-08-12,subscription
1470,541,1000.0,2024-07-26,subscription
1471,123,435.6,2025-09-10,featured_listing
1472,53,2000.0,2025-10-22,subscription
1473,1397,117.28,2024-12-29,featured_listing
1474,1302,500.0,2025-06-07,subscription
1475,3103,1000.0,2024-11-16,subscription
1476,547,5000.0,2024-12-21,subscription
1477,1623,264.68,2024-11-06,featured_listing
1478,3341,2000.0,2025-10-14,subscription
1479,2248,1000.0,2024-03-22,subscription
1480,921,416.82,2024-08-22,featured_listing
1481,3957,252.83,2025-12-23,featured_listing
1482,1181,299.87,2025-03-22,featured_listing
1483,4786,5000.0,2024-02-05,subscription
1484,32,500.0,2024-02-09,subscription
1485,58,456.56,2025-01-01,featured_listing
1486,4675,500.0,2025-10-16,subscription
1487,2740,2000.0,2024-05-25,subscription
1488,4985,1000.0,2024-10-13,subscription
1489,4153,500.0,2025-08-19,subscription
1490,903,500.0,2024-01-15,subscription
1491,2748,500.0,2025-08-03,subscription
1492,703,2000.0,2025-08-15,subscription
1493,2300,381.11,2025-09-23,featured_listing
1494,1618,1000.0,2025-02-26,subscription
1495,2614,1000.0,2025-11-09,subscription
1496,1469,338.66,2025-09-20,featured_listing
1497,3700,1000.0,2024-07-01,subscription
1498,1530,2000.0,2024-08-24,subscription
1499,2707,100.73,2025-02-28,featured_listing
1500,1599,5000.0,2024-04-26,subscription
1501,4183,316.09,2024-04-29,featured_listing
1502,3415,2000.0,2024-03-24,subscription
1503,4509,500.0,2024-11-19,subscription
1504,3214,248.86,2024-04-08,featured_listing
1505,3249,179.6,2025-09-27,featured_listing
1506,222,343.31,2025-10-29,featured_listing
1507,2029,5000.0,2025-06-15,subscription
1508,2621,266.07,2024-10-30,featured_listing
1509,3681,500.0,2025-10-18,subscription
1510,1920,1000.0,2024-12-12,subscription
1511,1893,2000.0,2024-03-29,subscription
1512,2214,500.0,2025-07-05,subscription
1513,2058,2000.0,2025-05-07,subscription
1514,1410,500.0,2024-05-09,subscription
1515,2842,1000.0,2025-05-29,subscription
1516,4944,214.05,2025-04-02,featured_listing
1517,802,500.0,2025-06-15,subscription
1518,3484,357.54,2025-12-03,featured_listing
1519,729,2000.0,2024-04-24,subscription
1520,1206,5000.0,2024-06-10,subscription
1521,737,257.92,2025-07-22,featured_listing
1522,1420,406.46,2024-04-04,featured_listing
1523,3299,267.32,2024-03-31,featured_listing
1524,3011,1000.0,2025-09-13,subscription
1525,3833,5000.0,2024-10-28,subscription
1526,3246,340.48,2025-06-13,featured_listing
1527,2911,500.0,2024-11-09,subscription
1528,4203,1000.0,2024-11-19,subscription
1529,882,2000.0,2025-01-13,subscription
1530,2538,2000.0,2025-12-23,subscription
1531,1765,5000.0,2025-07-09,subscription
1532,2312,475.61,2025-08-11,featured_listing
1533,4113,375.36,2024-08-29,featured_listing
1534,388,480.27,2025-12-11,featured_listing
1535,3323,1000.0,2025-01-11,subscription
1536,3840,500.0,2025-07-11,subscription
1537,556,158.79,2025-09-09,featured_listing
1538,4632,500.0,2024-06-09,subscription
1539,3439,2000.0,2024-05-09,subscription
1540,2477,2000.0,2024-03-31,subscription
1541,1421,427.86,2025-09-24,featured_listing
1542,307,2000.0,2025-03-06,subscription
1543,3985,140.85,2025-05-07,featured_listing
1544,1188,2000.0,2025-03-15,subscription
1545,1700,2000.0,2024-10-26,subscription
1546,4145,500.0,2025-07-23,subscription
1547,608,5000.0,2024-07-29,subscription
1548,461,223.4,2024-10-21,featured_listing
1549,4615,2000.0,2024-05-19,subscription
1550,1061,1000.0,2024-10-10,subscription
1551,2757,1000.0,2024-09-07,subscription
1552,3717,500.0,2025-06-19,subscription
1553,2411,5000.0,2025-08-08,subscription
1554,4782,5000.0,2025-05-19,subscription
1555,1281,2000.0,2024-02-09,subscription
1556,3893,491.4,2025-05-09,featured_listing
1557,3942,146.28,2024-04-26,featured_listing
1558,3502,473.6,2024-09-06,featured_listing
1559,4815,245.45,2025-03-27,featured_listing
1560,462,500.0,2024-06-14,subscription
1561,2149,1000.0,2024-01-08,subscription
1562,709,344.05,2024-09-18,featured_listing
1563,2461,257.25,2025-02-04,featured_listing
1564,2953,120.08,2025-07-03,featured_listing
1565,13,349.73,2024-12-27,featured_listing
1566,2352,1000.0,2024-05-26,subscription
1567,1963,5000.0,2024-04-30,subscription
1568,1782,500.0,2024-11-13,subscription
1569,202,102.92,2025-09-25,featured_listing
1570,4756,1000.0,2024-10-06,subscription
1571,734,1000.0,2024-10-23,subscription
1572,4770,2000.0,2024-07-30,subscription
1573,4714,2000.0,2025-07-17,subscription
1574,3143,446.09,2025-03-02,featured_listing
1575,3084,385.58,2025-09-05,featured_listing
1576,1896,500.0,2025-02-01,subscription
1577,346,500.0,2024-04-16,subscription
1578,3907,1000.0,2024-06-05,subscription
1579,776,2000.0,2024-09-01,subscription
1580,1016,500.0,2025-06-24,subscription
1581,4011,211.06,2024-05-26,featured_listing
1582,4306,5000.0,2025-06-04,subscription
1583,723,5000.0,2024-11-25,subscription
1584,2563,500.0,2025-11-22,subscription
1585,3970,474.13,2025-11-30,featured_listing
1586,3241,5000.0,2025-06-24,subscription
1587,4495,5000.0,2025-06-05,subscription
1588,4066,492.46,2024-03-27,featured_listing
1589,4691,500.0,2024-06-22,subscription
1590,710,352.01,2024-11-18,featured_listing
1591,4588,313.24,2025-07-20,featured_listing
1592,4722,5000.0,2024-08-21,subscription
1593,587,500.0,2025-06-12,subscription
1594,2048,125.7,2025-06-16,featured_listing
1595,3997,2000.0,2024-08-01,subscription
1596,4759,255.69,2024-05-06,featured_listing
1597,4831,2000.0,2025-12-30,subscription
1598,3885,5000.0,2025-06-11,subscription
1599,4635,1000.0,2025-05-05,subscription
1600,3207,500.0,2024-04-19,subscription
1601,1852,392.6,2024-11-26,featured_listing
1602,1055,2000.0,2025-04-14,subscription
1603,2284,352.8,2024-11-19,featured_listing
1604,241,2000.0,2024-05-05,subscription
1605,2705,2000.0,2025-05-05,subscription
1606,1099,214.07,2024-02-07,featured_listing
1607,1974,375.42,2024-09-10,featured_listing
1608,3429,239.63,2025-09-13,featured_listing
1609,4574,452.61,2025-01-25,featured_listing
1610,2085,5000.0,2024-09-14,subscription
1611,2140,500.0,2024-04-20,subscription
1612,3549,1000.0,2025-12-16,subscription
1613,1739,1000.0,2025-09-22,subscription
1614,1003,1000.0,2024-08-30,subscription
1615,4422,2000.0,2025-04-13,subscription
1616,3898,500.0,2025-09-06,subscription
1617,2719,2000.0,2024-04-23,subscription
1618,1420,1000.0,2024-09-09,subscription
1619,3344,185.53,2024-03-28,featured_listing
1620,228,5000.0,2025-02-28,subscription
1621,1158,106.99,2025-08-04,featured_listing
1622,3943,1000.0,2024-09-23,subscription
1623,2263,500.0,2025-05-08,subscription
1624,2530,2000.0,2024-07-20,subscription
1625,3229,1000.0,2025-01-04,subscription
1626,491,161.78,2025-03-22,featured_listing
1627,4874,2000.0,2024-09-04,subscription
1628,4683,211.25,2025-11-27,featured_listing
1629,456,401.71,2024-03-10,featured_listing
1630,4228,308.57,2024-12-07,featured_listing
1631,1428,1000.0,2025-06-01,subscription
1632,4720,5000.0,2024-04-03,subscription
1633,3686,5000.0,2025-10-29,subscription
1634,3013,500.0,2024-03-07,subscription
1635,256,447.11,2024-02-09,featured_listing
1636,1466,5000.0,2024-10-16,subscription
1637,204,1000.0,2024-11-17,subscription
1638,2840,184.83,2024-12-22,featured_listing
1639,963,500.0,2025-10-21,subscription
1640,3936,5000.0,2025-02-19,subscription
1641,3223,1000.0,2024-06-21,subscription
1642,3432,406.73,2025-08-04,featured_listing
1643,1015,243.28,2025-12-08,featured_listing
1644,363,2000.0,2025-02-08,subscription
1645,3083,197.88,2024-10-22,featured_listing
1646,2331,5000.0,2025-11-26,subscription
1647,2110,2000.0,2025-05-09,subscription
1648,3517,350.22,2024-07-15,featured_listing
1649,1786,2000.0,2024-01-19,subscription
1650,1008,135.14,2024-07-27,featured_listing
1651,4535,1000.0,2024-01-24,subscription
1652,4749,1000.0,2025-02-11,subscription
1653,4713,1000.0,2025-08-17,subscription
1654,443,203.45,2025-10-05,featured_listing
1655,465,2000.0,2025-06-24,subscription
1656,4929,500.0,2025-06-26,subscription
1657,2844,1000.0,2025-09-04,subscription
1658,1401,500.0,2024-02-06,subscription
1659,4954,5000.0,2025-07-07,subscription
1660,4497,2000.0,2024-09-14,subscription
1661,292,328.27,2025-04-22,featured_listing
1662,3171,1000.0,2024-07-30,subscription
1663,1690,311.02,2024-01-20,featured_listing
1664,4320,5000.0,2025-06-23,subscription
1665,1930,179.3,2024-05-18,featured_listing
1666,1054,293.21,2024-01-15,featured_listing
1667,655,498.51,2024-10-12,featured_listing
1668,1237,2000.0,2025-09-14,subscription
1669,1491,500.0,2025-12-02,subscription
1670,2915,138.31,2025-05-12,featured_listing
1671,3547,1000.0,2025-07-12,subscription
1672,4144,500.0,2025-05-07,subscription
1673,193,5000.0,2025-06-25,subscription
1674,3705,207.62,2025-10-24,featured_listing
1675,549,2000.0,2025-10-01,subscription
1676,3040,1000.0,2024-05-05,subscription
1677,4342,1000.0,2024-07-12,subscription
1678,1462,5000.0,2025-02-28,subscription
1679,942,5000.0,2025-09-24,subscription
1680,2635,500.0,2025-05-19,subscription
1681,948,500.0,2025-04-21,subscription
1682,4577,5000.0,2024-01-05,subscription
1683,75,318.26,2024-07-05,featured_listing
1684,4511,361.9,2025-01-31,featured_listing
1685,4940,386.31,2024-11-09,featured_listing
1686,1273,2000.0,2025-02-28,subscription
1687,3961,1000.0,2024-06-20,subscription
1688,4521,488.97,2024-12-23,featured_listing
1689,880,136.09,2025-05-23,featured_listing
1690,2323,1000.0,2024-01-02,subscription
1691,1613,345.06,2025-11-28,featured_listing
1692,3480,121.93,2025-11-08,featured_listing
1693,3764,2000.0,2024-09-24,subscription
1694,1668,5000.0,2024-06-24,subscription
1695,1101,278.72,2025-04-23,featured_listing
1696,679,5000.0,2024-02-20,subscription
1697,4390,123.8,2025-07-25,featured_listing
1698,3642,1000.0,2024-07-21,subscription
1699,3324,2000.0,2024-04-22,subscription
1700,1194,464.32,2024-01-27,featured_listing
1701,2518,5000.0,2024-12-20,subscription
1702,4914,5000.0,2025-01-04,subscription
1703,3414,5000.0,2024-09-24,subscription
1704,478,341.5,2024-04-30,featured_listing
1705,4593,107.58,2024-07-17,featured_listing
1706,972,2000.0,2025-06-17,subscription
1707,4554,1000.0,2025-05-31,subscription
1708,343,2000.0,2025-12-29,subscription
1709,419,1000.0,2025-03-13,subscription
1710,3638,500.0,2025-08-16,subscription
1711,277,2000.0,2025-12-13,subscription
1712,2685,2000.0,2025-10-26,subscription
1713,3597,132.18,2024-04-29,featured_listing
1714,3439,5000.0,2025-10-11,subscription
1715,1585,476.34,2024-07-06,featured_listing
1716,2029,1000.0,2025-03-01,subscription
1717,2041,123.27,2025-11-29,featured_listing
1718,985,349.27,2024-02-27,featured_listing
1719,2895,330.94,2024-08-07,featured_listing
1720,2908,199.77,2024-01-08,featured_listing
1721,894,5000.0,2025-12-07,subscription
1722,1832,500.0,2025-03-03,subscription
1723,3078,2000.0,2024-04-09,subscription
1724,4103,500.0,2025-04-20,subscription
1725,2778,5000.0,2024-01-20,subscription
1726,1370,421.02,2025-01-12,featured_listing
1727,2708,418.43,2024-05-18,featured_listing
1728,3742,168.98,2025-09-09,featured_listing
1729,684,227.29,2024-01-19,featured_listing
1730,2535,461.64,2025-10-08,featured_listing
1731,921,486.68,2024-10-13,featured_listing
1732,1558,324.52,2024-05-15,featured_listing
1733,4462,216.04,2024-11-04,featured_listing
1734,2443,1000.0,2025-12-26,subscription
1735,1169,500.0,2024-05-09,subscription
1736,4175,5000.0,2025-11-13,subscription
1737,1381,184.47,2024-10-03,featured_listing
1738,1400,500.0,2024-04-01,subscription
1739,3358,412.76,2024-08-22,featured_listing
1740,2777,157.11,2025-02-22,featured_listing
1741,4369,390.95,2025-05-29,featured_listing
1742,2814,456.04,2024-02-03,featured_listing
1743,1448,5000.0,2024-08-14,subscription
1744,4212,475.72,2024-08-08,featured_listing
1745,423,500.0,2024-10-21,subscription
1746,3211,182.62,2025-12-11,featured_listing
1747,3929,418.53,2025-02-27,featured_listing
1748,4126,339.14,2024-02-09,featured_listing
1749,1206,2000.0,2024-09-23,subscription
1750,2500,5000.0,2025-02-05,subscription
1751,1410,171.18,2024-03-20,featured_listing
1752,791,500.0,2025-09-21,subscription
1753,3273,192.77,2025-04-09,featured_listing
1754,3296,470.21,2024-02-26,featured_listing
1755,4494,124.15,2025-07-17,featured_listing
1756,3364,500.0,2025-08-20,subscription
1757,625,270.93,2025-09-19,featured_listing
1758,1349,444.86,2025-04-21,featured_listing
1759,517,500.0,2025-06-04,subscription
1760,1121,2000.0,2025-01-10,subscription
1761,4024,194.57,2024-10-22,featured_listing
1762,3776,305.98,2024-01-29,featured_listing
1763,2337,1000.0,2024-11-11,subscription
1764,3349,500.0,2024-03-19,subscription
1765,1053,500.0,2025-02-26,subscription
1766,4609,2000.0,2025-01-30,subscription
1767,3827,324.79,2025-02-16,featured_listing
1768,749,2000.0,2024-08-22,subscription
1769,1488,142.41,2025-01-22,featured_listing
1770,644,5000.0,2025-07-25,subscription
1771,187,2000.0,2025-05-03,subscription
1772,1085,124.36,2025-04-30,featured_listing
1773,2178,500.0,2025-09-11,subscription
1774,2811,337.32,2025-02-24,featured_listing
1775,1344,500.0,2024-10-12,subscription
1776,200,432.0,2024-12-26,featured_listing
1777,3981,265.01,2024-05-19,featured_listing
1778,894,214.42,2025-03-20,featured_listing
1779,2177,500.0,2024-01-19,subscription
1780,2846,1000.0,2024-05-02,subscription
1781,3403,140.37,2025-10-09,featured_listing
1782,4941,2000.0,2024-10-25,subscription
1783,3723,423.81,2024-08-16,featured_listing
1784,2969,2000.0,2025-01-21,subscription
1785,3033,340.77,2024-07-24,featured_listing
1786,1029,2000.0,2024-07-03,subscription
1787,2991,2000.0,2025-06-11,subscription
1788,1205,500.0,2024-03-21,subscription
1789,27,500.0,2025-05-24,subscription
1790,2658,1000.0,2024-10-30,subscription
1791,1414,374.02,2024-07-08,featured_listing
1792,1599,5000.0,2024-03-29,subscription
1793,1376,1000.0,2025-02-02,subscription
1794,3004,217.83,2024-08-15,featured_listing
1795,1834,2000.0,2025-12-27,subscription
1796,4955,5000.0,2025-10-01,subscription
1797,1532,2000.0,2025-12-23,subscription
1798,4255,424.81,2025-04-25,featured_listing
1799,2751,119.19,2025-03-08,featured_listing
1800,2046,112.16,2025-10-22,featured_listing
1801,3782,338.03,2025-09-24,featured_listing
1802,3102,410.12,2025-06-12,featured_listing
1803,1294,5000.0,2025-06-09,subscription
1804,650,1000.0,2024-03-01,subscription
1805,4195,500.0,2025-01-11,subscription
1806,2204,1000.0,2024-08-11,subscription
1807,436,2000.0,2024-11-12,subscription
1808,1794,146.05,2024-04-26,featured_listing
1809,1242,387.25,2025-10-15,featured_listing
1810,141,1000.0,2024-06-16,subscription
1811,418,418.62,2024-03-30,featured_listing
1812,2001,1000.0,2025-10-17,subscription
1813,2024,5000.0,2024-06-05,subscription
1814,4218,5000.0,2024-07-04,subscription
1815,3491,5000.0,2025-09-28,subscription
1816,3954,2000.0,2024-06-23,subscription
1817,4196,2000.0,2025-02-19,subscription
1818,1964,498.43,2025-04-23,featured_listing
1819,707,500.0,2024-07-03,subscription
1820,4914,1000.0,2024-06-14,subscription
1821,3283,2000.0,2024-06-19,subscription
1822,3437,2000.0,2024-04-29,subscription
1823,1947,2000.0,2024-07-05,subscription
1824,2086,5000.0,2025-12-29,subscription
1825,2133,500.0,2024-04-01,subscription
1826,624,5000.0,2024-11-21,subscription
1827,117,354.82,2025-09-02,featured_listing
1828,2949,500.0,2025-03-30,subscription
1829,1879,500.0,2025-03-19,subscription
1830,2773,5000.0,2025-10-25,subscription
1831,841,500.0,2025-07-02,subscription
1832,2504,5000.0,2024-09-12,subscription
1833,2144,491.45,2024-11-22,featured_listing
1834,3283,1000.0,2025-06-27,subscription
1835,1155,500.0,2024-02-04,subscription
1836,538,391.26,2025-06-18,featured_listing
1837,3976,2000.0,2024-09-01,subscription
1838,4045,187.73,2025-11-13,featured_listing
1839,4150,2000.0,2025-12-24,subscription
1840,898,500.0,2024-05-26,subscription
1841,4189,163.99,2024-03-09,featured_listing
1842,3634,115.28,2025-05-12,featured_listing
1843,14,1000.0,2025-09-10,subscription
1844,841,500.0,2024-09-05,subscription
1845,122,467.74,2025-01-15,featured_listing
1846,3413,293.43,2025-09-16,featured_listing
1847,2337,470.46,2025-05-05,featured_listing
1848,1014,425.41,2024-04-17,featured_listing
1849,4402,122.01,2024-03-13,featured_listing
1850,1920,451.68,2024-03-27,featured_listing
1851,4853,2000.0,2025-11-20,subscription
1852,4186,1000.0,2024-05-07,subscription
1853,10,435.9,2025-12-13,featured_listing
1854,735,2000.0,2025-03-30,subscription
1855,2322,5000.0,2025-03-30,subscription
1856,574,1000.0,2024-02-11,subscription
1857,2087,1000.0,2024-12-28,subscription
1858,4882,500.0,2025-04-18,subscription
1859,3182,2000.0,2025-09-20,subscription
1860,1744,500.0,2024-10-16,subscription
1861,468,500.0,2025-01-24,subscription
1862,3840,448.58,2025-01-15,featured_listing
1863,3094,500.0,2024-09-24,subscription
1864,1517,500.0,2024-11-27,subscription
1865,1060,500.0,2025-06-30,subscription
1866,3852,1000.0,2025-07-19,subscription
1867,3260,2000.0,2024-10-30,subscription
1868,4050,500.0,2025-06-03,subscription
1869,495,394.17,2025-07-17,featured_listing
1870,4117,500.0,2025-09-22,subscription
1871,3354,376.01,2025-07-15,featured_listing
1872,3474,129.46,2024-02-15,featured_listing
1873,4100,242.21,2024-04-12,featured_listing
1874,1039,266.04,2025-11-07,featured_listing
1875,3104,315.92,2024-10-05,featured_listing
1876,5000,101.08,2025-12-28,featured_listing
1877,2464,149.12,2024-03-09,featured_listing
1878,664,5000.0,2025-02-19,subscription
1879,4884,134.57,2025-08-30,featured_listing
1880,2932,500.0,2025-10-23,subscription
1881,2595,2000.0,2025-05-04,subscription
1882,1138,5000.0,2024-12-28,subscription
1883,4800,328.07,2025-03-24,featured_listing
1884,3655,5000.0,2025-10-06,subscription
1885,4673,120.34,2024-05-27,featured_listing
1886,3829,500.0,2025-07-01,subscription
1887,3279,104.72,2025-07-22,featured_listing
1888,937,298.43,2024-12-31,featured_listing
1889,3474,500.0,2025-10-31,subscription
1890,2377,485.72,2024-08-25,featured_listing
1891,3942,1000.0,2025-11-14,subscription
1892,2499,1000.0,2025-04-19,subscription
1893,576,129.06,2024-11-06,featured_listing
1894,2920,5000.0,2024-04-21,subscription
1895,445,1000.0,2024-07-06,subscription
1896,101,363.34,2024-09-26,featured_listing
1897,4160,500.0,2024-12-15,subscription
1898,4129,2000.0,2025-09-24,subscription
1899,2838,2000.0,2024-12-13,subscription
1900,1893,109.82,2025-03-04,featured_listing
1901,1613,160.42,2024-09-12,featured_listing
1902,1052,1000.0,2025-03-20,subscription
1903,2847,1000.0,2025-08-08,subscription
1904,3061,1000.0,2024-05-27,subscription
1905,1625,204.17,2024-03-19,featured_listing
1906,2064,5000.0,2025-03-25,subscription
1907,4523,500.0,2024-09-10,subscription
1908,4881,2000.0,2024-11-02,subscription
1909,3935,2000.0,2024-11-25,subscription
1910,699,2000.0,2024-03-22,subscription
1911,4646,5000.0,2025-04-27,subscription
1912,3551,5000.0,2024-04-20,subscription
1913,3360,500.0,2024-01-26,subscription
1914,1205,2000.0,2025-01-19,subscription
1915,3317,426.83,2025-10-25,featured_listing
1916,1808,2000.0,2025-05-17,subscription
1917,2426,2000.0,2025-06-29,subscription
1918,879,434.62,2024-05-23,featured_listing
1919,4884,500.0,2024-08-03,subscription
1920,204,1000.0,2024-05-23,subscription
1921,1213,5000.0,2024-07-21,subscription
1922,1952,5000.0,2024-02-28,subscription
1923,1900,460.4,2024-12-25,featured_listing
1924,577,1000.0,2025-02-25,subscription
1925,742,345.94,2025-05-30,featured_listing
1926,1455,1000.0,2025-03-26,subscription
1927,1912,2000.0,2025-01-09,subscription
1928,3075,191.88,2024-08-19,featured_listing
1929,2145,500.0,2024-11-11,subscription
1930,3497,130.88,2025-07-14,featured_listing
1931,456,253.57,2025-06-19,featured_listing
1932,751,500.0,2025-05-31,subscription
1933,1776,1000.0,2024-08-01,subscription
1934,1351,1000.0,2025-02-09,subscription
1935,3105,304.37,2024-06-17,featured_listing
1936,1880,387.83,2024-01-15,featured_listing
1937,3167,232.6,2024-04-15,featured_listing
1938,273,221.04,2025-08-19,featured_listing
1939,4464,2000.0,2024-07-26,subscription
1940,1192,5000.0,2024-01-04,subscription
1941,4927,1000.0,2025-04-02,subscription
1942,4143,500.0,2024-05-28,subscription
1943,2905,2000.0,2024-10-12,subscription
1944,310,433.39,2024-08-26,featured_listing
1945,3815,311.42,2025-03-31,featured_listing
1946,1128,500.0,2025-09-18,subscription
1947,3825,5000.0,2025-10-12,subscription
1948,3214,2000.0,2024-04-02,subscription
1949,2083,500.0,2024-03-01,subscription
1950,3501,5000.0,2024-12-21,subscription
1951,432,500.0,2025-12-17,subscription
1952,1761,500.0,2025-03-20,subscription
1953,1207,500.0,2024-02-09,subscription
1954,3451,5000.0,2024-05-24,subscription
1955,3227,195.89,2025-08-20,featured_listing
1956,2537,172.98,2024-12-11,featured_listing
1957,2720,2000.0,2024-06-04,subscription
1958,3129,1000.0,2025-06-12,subscription
1959,828,151.95,2024-06-07,featured_listing
1960,4929,1000.0,2024-07-02,subscription
1961,2633,427.29,2025-05-27,featured_listing
1962,2139,500.0,2025-07-15,subscription
1963,4719,5000.0,2025-05-25,subscription
1964,3779,259.8,2024-11-11,featured_listing
1965,1220,500.0,2024-09-01,subscription
1966,2903,500.0,2024-02-27,subscription
1967,2154,109.2,2024-06-28,featured_listing
1968,231,1000.0,2024-05-03,subscription
1969,733,500.0,2025-04-06,subscription
1970,1399,500.0,2024-11-08,subscription
1971,2417,2000.0,2025-08-05,subscription
1972,3937,500.0,2025-07-11,subscription
1973,3816,1000.0,2024-02-04,subscription
1974,2826,500.0,2024-05-05,subscription
1975,4158,491.36,2024-11-20,featured_listing
1976,4755,289.32,2025-09-09,featured_listing
1977,4167,500.0,2024-04-12,subscription
1978,1179,1000.0,2024-04-24,subscription
1979,4008,2000.0,2025-12-02,subscription
1980,704,315.92,2025-11-05,featured_listing
1981,3987,1000.0,2025-03-10,subscription
1982,1961,500.0,2025-03-23,subscription
1983,3469,5000.0,2025-02-25,subscription
1984,3253,2000.0,2024-03-06,subscription
1985,2809,1000.0,2024-10-10,subscription
1986,38,161.57,2024-06-24,featured_listing
1987,1058,277.46,2025-11-05,featured_listing
1988,3558,5000.0,2024-07-12,subscription
1989,3744,111.03,2025-01-28,featured_listing
1990,716,313.56,2025-02-16,featured_listing
1991,4515,2000.0,2025-04-17,subscription
1992,557,2000.0,2024-06-02,subscription
1993,4474,1000.0,2024-04-22,subscription
1994,1816,146.07,2025-06-14,featured_listing
1995,4616,5000.0,2025-09-06,subscription
1996,4512,2000.0,2025-04-09,subscription
1997,277,2000.0,2025-11-05,subscription
1998,3250,108.38,2024-01-21,featured_listing
1999,3165,2000.0,2024-09-11,subscription
2000,3248,1000.0,2025-06-02,subscription
